{
    "spider": "file://BXSTVBox/BXS.jar",
    "time": "2025.12.08",
    "wallpaper": "file://BXSTVBox/BXS.webp",
    "logo": "file://BXSTVBox/BXS.gif",
    "warningText": "📢📢📢公众号〡影视百晓生提醒您！该接口来源于潇洒大佬，仅用于学习使用！请在体验后24小时内删除！",
    "sites": [
        {
            "key": "网络直播",
            "name": "📡网络｜直播",
            "type": 3,
            "api": "./py/网络直播.py"
        },
        {
            "key": "配置中心",
            "name": "⚙️配置｜中心",
            "type": 3,
            "api": "csp_Config",
            "searchable": 0,
            "changeable": 0,
            "indexs": 0,
            "style": {
                "type": "rect",
                "ratio": 1.597
            }
        },
        {
            "key": "哔哩直播",
            "name": "📺哔哩｜直播",
            "type": 3,
            "api": "./py/哔哩直播.py"
        },
        {
            "key": "虎牙直播",
            "name": "🐯虎牙｜直播",
            "type": 3,
            "api": "./js/drpy2.min.js",
            "ext": "./js/虎牙直播.js",
            "style": {
                "type": "rect",
                "ratio": 1.597
            }
        },
        {
            "key": "斗鱼直播",
            "name": "🐟斗鱼｜直播",
            "type": 3,
            "api": "./js/drpy2.min.js",
            "ext": "./js/斗鱼直播.js",
            "style": {
                "type": "rect",
                "ratio": 1.597
            }
        },
        {
            "key": "小生云盘分享",
            "name": "😎小生｜分享",
            "type": 3,
            "api": "csp_BxsMarket"
        },
        {
            "key": "小生提取系统",
            "name": "🤖小生｜提取",
            "type": 3,
            "api": "csp_BxsExtraction"
        },
        {
            "key": "push_agent",
            "name": "📱手机｜推送",
            "type": 3,
            "api": "csp_Push",
            "searchable": 0,
            "filterable": 0,
            "changeable": 0
        }
    ],
    "doh": [
        {
            "name": "Google",
            "url": "https://dns.google/dns-query",
            "ips": [
                "8.8.4.4",
                "8.8.8.8"
            ]
        },
        {
            "name": "Cloudflare",
            "url": "https://cloudflare-dns.com/dns-query",
            "ips": [
                "1.1.1.1",
                "1.0.0.1",
                "2606:4700:4700::1111",
                "2606:4700:4700::1001"
            ]
        },
        {
            "name": "AdGuard",
            "url": "https://dns.adguard.com/dns-query",
            "ips": [
                "94.140.14.140",
                "94.140.14.141"
            ]
        },
        {
            "name": "DNSWatch",
            "url": "https://resolver2.dns.watch/dns-query",
            "ips": [
                "84.200.69.80",
                "84.200.70.40"
            ]
        },
        {
            "name": "Quad9",
            "url": "https://dns.quad9.net/dns-quer",
            "ips": [
                "9.9.9.9",
                "149.112.112.112"
            ]
        }
    ],
    "ijk": [
        {
            "group": "软解码",
            "options": [
                {
                    "category": 4,
                    "name": "opensles",
                    "value": "0"
                },
                {
                    "category": 4,
                    "name": "overlay-format",
                    "value": "842225234"
                },
                {
                    "category": 4,
                    "name": "framedrop",
                    "value": "1"
                },
                {
                    "category": 4,
                    "name": "soundtouch",
                    "value": "1"
                },
                {
                    "category": 4,
                    "name": "start-on-prepared",
                    "value": "1"
                },
                {
                    "category": 1,
                    "name": "http-detect-range-support",
                    "value": "0"
                },
                {
                    "category": 1,
                    "name": "fflags",
                    "value": "fastseek"
                },
                {
                    "category": 2,
                    "name": "skip_loop_filter",
                    "value": "48"
                },
                {
                    "category": 4,
                    "name": "reconnect",
                    "value": "1"
                },
                {
                    "category": 4,
                    "name": "enable-accurate-seek",
                    "value": "0"
                },
                {
                    "category": 4,
                    "name": "mediacodec",
                    "value": "0"
                },
                {
                    "category": 4,
                    "name": "mediacodec-auto-rotate",
                    "value": "0"
                },
                {
                    "category": 4,
                    "name": "mediacodec-handle-resolution-change",
                    "value": "0"
                },
                {
                    "category": 4,
                    "name": "mediacodec-hevc",
                    "value": "0"
                },
                {
                    "category": 1,
                    "name": "dns_cache_timeout",
                    "value": "600000000"
                }
            ]
        },
        {
            "group": "硬解码",
            "options": [
                {
                    "category": 4,
                    "name": "opensles",
                    "value": "0"
                },
                {
                    "category": 4,
                    "name": "overlay-format",
                    "value": "842225234"
                },
                {
                    "category": 4,
                    "name": "framedrop",
                    "value": "1"
                },
                {
                    "category": 4,
                    "name": "soundtouch",
                    "value": "1"
                },
                {
                    "category": 4,
                    "name": "start-on-prepared",
                    "value": "1"
                },
                {
                    "category": 1,
                    "name": "http-detect-range-support",
                    "value": "0"
                },
                {
                    "category": 1,
                    "name": "fflags",
                    "value": "fastseek"
                },
                {
                    "category": 2,
                    "name": "skip_loop_filter",
                    "value": "48"
                },
                {
                    "category": 4,
                    "name": "reconnect",
                    "value": "1"
                },
                {
                    "category": 4,
                    "name": "enable-accurate-seek",
                    "value": "0"
                },
                {
                    "category": 4,
                    "name": "mediacodec",
                    "value": "1"
                },
                {
                    "category": 4,
                    "name": "mediacodec-auto-rotate",
                    "value": "1"
                },
                {
                    "category": 4,
                    "name": "mediacodec-handle-resolution-change",
                    "value": "1"
                },
                {
                    "category": 4,
                    "name": "mediacodec-hevc",
                    "value": "1"
                },
                {
                    "category": 1,
                    "name": "dns_cache_timeout",
                    "value": "600000000"
                }
            ]
        }
    ]
}