{
    "spider": "./BXS.jar",
    "wallpaper": "./BXS.webp",
    "logo": "./BXS.gif",
    "warningText": "📢📢📢公众号〡影视百晓生提醒您！该接口来源于潇洒大佬，仅用于学习使用！请在体验后24小时内删除！",
    "sites": [
        {
            "key": "豆瓣",
            "name": "🏠豆瓣｜首页",
            "type": 3,
            "api": "csp_Douban",
            "searchable": 0
        },
        {
            "key": "小生公告提醒",
            "name": "📢小生｜公告",
            "type": 3,
            "api": "csp_BxsNotice",
            "searchable": 0
        },
        {
            "key": "小生云盘分享",
            "name": "😎小生｜分享",
            "type": 3,
            "api": "csp_BxsMarket"
        },
        {
            "key": "小生提取系统",
            "name": "🤖小生｜提取",
            "type": 3,
            "api": "csp_BxsExtraction"
        },
        {
            "key": "配置中心",
            "name": "⚙️配置｜中心",
            "type": 3,
            "api": "csp_Config",
            "searchable": 0,
            "changeable": 0,
            "indexs": 0,
            "style": {
                "type": "rect",
                "ratio": 1.597
            }
        },
        {
            "key": "本地",
            "name": "📁本地｜视频",
            "type": 3,
            "api": "csp_LocalFile"
        },
        {
            "key": "预告",
            "name": "🆕新片｜预告",
            "type": 3,
            "api": "csp_YGP",
            "searchable": 0
        },
        {
            "key": "热播影视",
            "name": "🎬热播｜APP",
            "type": 3,
            "api": "csp_AppRJ",
            "searchable": 1,
            "quickSearch": 1,
            "filterable": 0,
            "ext": {
                "url": "http://v.rbotv.cn"
            }
        },
        {
            "key": "吉米",
            "name": "🎯吉米｜APP",
            "type": 3,
            "api": "csp_AppFox",
            "ext": {
                "host": "http://45.207.215.137:8006"
            }
        },
        {
            "key": "恋鱼",
            "name": "🐟恋鱼｜APP",
            "type": 3,
            "api": "csp_AppFox",
            "ext": {
                "host": "https://173220859-1333208043.cos.ap-shanghai.myqcloud.com/1.json",
                "ver": 2
            }
        },
        {
            "key": "麒麟",
            "name": "🦄麒麟｜APP",
            "type": 3,
            "api": "csp_AppFox",
            "ext": {
                "host": "https://www.70yyw.cc",
                "ver": 2
            }
        },
        {
            "key": "木瓜",
            "name": "🥭木瓜｜APP",
            "type": 3,
            "api": "csp_AppFox",
            "ext": {
                "host": "http://www.yezitv.top"
            }
        },
        {
            "key": "和友",
            "name": "🤝和友｜APP",
            "type": 3,
            "api": "csp_AppSy",
            "ext": {
                "site": "http://qcb.sxtzg.com/api.txt",
                "siteKey": "rectangleadsadxa",
                "listKey": "gHSLmx3JQRasgztO",
                "parsesKey": "gHSLmx3JQRasgztO"
            }
        },
        {
            "key": "金牌",
            "name": "🥇金牌｜APP",
            "type": 3,
            "searchable": 1,
            "changeable": 1,
            "api": "csp_AppQi",
            "ext": {
                "site": "https://dtqj1.gg1080.com:443/dtjp.txt",
                "dataKey": "kecbio48dsq131ed",
                "dataIv": "kecbio48dsq131ed"
            }
        },
        {
            "key": "爱盈",
            "name": "💖爱盈｜APP",
            "type": 3,
            "api": "csp_AppQi",
            "changeable": "1",
            "quickSearch": 0,
            "filterable": 1,
            "ext": {
                "site": "https://aysappto.oss-cn-chengdu.aliyuncs.com/qj3.txt",
                "dataKey": "sda1231sasddad21",
                "dataIv": "sda1231sasddad21",
                "ua": "okhttp/3.10.0"
            }
        },
        {
            "key": "顾我",
            "name": "🛡️顾我｜APP",
            "type": 3,
            "api": "csp_AppQi",
            "changeable": "1",
            "quickSearch": 0,
            "filterable": 1,
            "ext": {
                "site": "https://guwozj-1319364746.cos.ap-guangzhou.myqcloud.com/guwo.txt",
                "dataKey": "ca94b06ca3c7d80e",
                "dataIv": "ca94b06ca3c7d80e",
                "ua": "okhttp/3.10.0"
            }
        },
        {
            "key": "布雷",
            "name": "💣布雷｜APP",
            "type": 3,
            "quickSearch": 1,
            "api": "csp_AppQi",
            "ext": {
                "site": "https://ceshi307386.oss-cn-beijing.aliyuncs.com/blurl.txt",
                "dataKey": "5f2b7ed203a3a581",
                "dataIv": "5f2b7ed203a3a581",
                "version": "120"
            }
        },
        {
            "key": "仓鼠",
            "name": "🐹仓鼠｜APP",
            "type": 3,
            "quickSearch": 1,
            "api": "csp_AppQi",
            "ext": {
                "site": "https://ceshi307386.oss-cn-beijing.aliyuncs.com/ceshi430.txt",
                "dataKey": "7sKhdca8HXGuyZ4x",
                "dataIv": "7sKhdca8HXGuyZ4x",
                "version": "120"
            }
        },
        {
            "key": "鲸鱼",
            "name": "🐋鲸鱼｜APP",
            "type": 3,
            "quickSearch": 1,
            "api": "csp_AppQi",
            "ext": {
                "site": "https://jingyu4k-1312635929.cos.ap-nanjing.myqcloud.com/1.json",
                "dataKey": "AAdgrdghjfgswerA",
                "dataIv": "AAdgrdghjfgswerA"
            }
        },
        {
            "key": "小猪",
            "name": "🐷小猪｜APP",
            "type": 3,
            "quickSearch": 1,
            "api": "csp_AppQi",
            "ext": {
                "site": "https://tiantangyoulu.oss-cn-beijing.aliyuncs.com/tengxunyun.txt",
                "dataKey": "seb5tq9mykp2w9ry",
                "dataIv": "seb5tq9mykp2w9ry",
                "ua": "okhttp/3.10.0"
            }
        },
        {
            "key": "云云",
            "name": "☁️云云｜APP",
            "type": 3,
            "quickSearch": 1,
            "api": "csp_AppQi",
            "ext": {
                "site": "https://staraugust123456.oss-cn-hangzhou.aliyuncs.com/2.txt",
                "dataKey": "staraugust123456",
                "dataIv": "staraugust123456",
                "version": "120"
            }
        },
        {
            "key": "白鸽",
            "name": "🕊️白鸽｜APP",
            "type": 3,
            "searchable": 1,
            "changeable": 1,
            "api": "csp_AppGet",
            "ext": {
                "url": "https://cy.baige.asia",
                "dataKey": "599D0FE5178642FD",
                "dataIv": "599D0FE5178642FD"
            }
        },
        {
            "key": "奇奇",
            "name": "✨奇奇｜APP",
            "type": 3,
            "searchable": 1,
            "changeable": 1,
            "api": "csp_AppGet",
            "ext": {
                "url": "http://103.236.61.192:8006",
                "dataKey": "123456789abcdefg",
                "dataIv": "123456789abcdefg"
            }
        },
        {
            "key": "火花",
            "name": "🔥火花｜APP",
            "type": 3,
            "searchable": 1,
            "changeable": 1,
            "api": "csp_AppGet",
            "ext": {
                "site": "http://php.itcxo.cn/txt/1.txt",
                "dataKey": "PoiUytRedFghjklm",
                "dataIv": "PoiUytRedFghjklm"
            }
        },
        {
            "key": "剧猫",
            "name": "🐱剧猫｜APP",
            "type": 3,
            "searchable": 1,
            "changeable": 1,
            "api": "csp_AppGet",
            "ext": {
                "site": "https://zjm-1302383509.cos.ap-guangzhou.myqcloud.com/zjm.txt",
                "dataKey": "zjmznbl2026zcxgb",
                "dataIv": "zjmznbl2026zcxgb"
            }
        },
        {
            "key": "剧梦",
            "name": "💭剧梦｜APP",
            "type": 3,
            "searchable": 1,
            "changeable": 1,
            "api": "csp_AppGet",
            "ext": {
                "url": "https://www.jumengwu.com",
                "dataKey": "1f0a873caf2550a5",
                "dataIv": "1f0a873caf2550a5"
            }
        },
        {
            "key": "缘梦",
            "name": "💫缘梦｜APP",
            "type": 3,
            "searchable": 1,
            "changeable": 1,
            "api": "csp_AppGet",
            "ext": {
                "url": "https://www.zipfve.cn",
                "dataKey": "1234567890987654",
                "dataIv": "1234567890987654"
            }
        },
        {
            "key": "冷心",
            "name": "❄️冷心｜APP",
            "type": 3,
            "api": "csp_AppGet",
            "ext": {
                "url": "https://dy.58ys.vip",
                "dataKey": "JEWibY1AgWF0V1xx",
                "dataIv": "JEWibY1AgWF0V1xx"
            }
        },
        {
            "key": "魔方",
            "name": "🧩魔方｜APP",
            "type": 3,
            "searchable": 1,
            "changeable": 1,
            "api": "csp_AppGet",
            "ext": {
                "url": "https://www.mfsp4k.top",
                "dataKey": "1234567887654321",
                "dataIv": "1234567887654321"
            }
        },
        {
            "key": "小猫",
            "name": "🐱小猫｜APP",
            "type": 3,
            "searchable": 1,
            "changeable": 1,
            "api": "csp_AppGet",
            "ext": {
                "site": "http://xywlkj.oss-cn-beijing.aliyuncs.com/wp-content/uploads/2024/12/1.txt",
                "dataKey": "xmyxmyxywlkjxywl",
                "dataIv": "xmyxmyxywlkjxywl"
            }
        },
        {
            "key": "瑞奇",
            "name": "🌟瑞奇｜APP",
            "type": 3,
            "searchable": 1,
            "api": "csp_AppGet",
            "ext": {
                "url": "http://rqxk.gdata.fun",
                "dataKey": "yangruiqiYsapp00",
                "dataIv": "yangruiqiYsapp00"
            }
        },
        {
            "key": "优势",
            "name": "💪优势｜APP",
            "type": 3,
            "quickSearch": 1,
            "api": "csp_AppGet",
            "ext": {
                "url": "http://zxy-ys.810211.dpdns.org",
                "dataKey": "1234567890123456",
                "dataIv": "1234567890123456"
            }
        },
        {
            "key": "茉莉",
            "name": "🌼茉莉｜APP",
            "type": 3,
            "searchable": 1,
            "api": "csp_AppGet",
            "ext": {
                "site": "https://gitee.com/wmmoliill/wimg/raw/master/img/bk/9.txt",
                "dataKey": "88689667dce61725",
                "dataIv": "88689667dce61725"
            }
        },
        {
            "key": "数字",
            "name": "🔢数字｜APP",
            "type": 3,
            "quickSearch": 1,
            "api": "csp_AppGet",
            "ext": {
                "url": "http://app1-0-0.87333.cc",
                "dataKey": "VwsHxkCViDXEExWa",
                "dataIv": "VwsHxkCViDXEExWa"
            }
        },
        {
            "key": "火锅",
            "name": "🍲火锅｜APP",
            "type": 3,
            "quickSearch": 1,
            "api": "csp_AppGet",
            "ext": {
                "url": "https://ios.hgyx.vip",
                "dataKey": "062dec75d039980e",
                "dataIv": "062dec75d039980e",
                "ua": "Dart/3.5(dart:io)"
            }
        },
        {
            "key": "八天",
            "name": "8️⃣八天｜APP",
            "type": 3,
            "quickSearch": 1,
            "api": "csp_AppGet",
            "ext": {
                "url": "https://dy.8ttv.cn",
                "dataKey": "1111111111111111",
                "dataIv": "1111111111111111"
            }
        },
        {
            "key": "紫金",
            "name": "💜紫金｜APP",
            "type": 3,
            "quickSearch": 1,
            "api": "csp_AppGet",
            "ext": {
                "url": "http://www.zjcvod.com",
                "dataKey": "ab4e9a421675f14b",
                "dataIv": "ab4e9a421675f14b"
            }
        },
        {
            "key": "稀饭",
            "name": "🍚稀饭｜APP",
            "type": 3,
            "quickSearch": 1,
            "api": "csp_AppGet",
            "ext": {
                "url": "https://app.xifanys.com",
                "dataKey": "HM6Ly9yeS4ya3dvL",
                "dataIv": "HM6Ly9yeS4ya3dvL"
            }
        },
        {
            "key": "五八",
            "name": "5️⃣五八｜APP",
            "type": 3,
            "quickSearch": 1,
            "api": "csp_AppGet",
            "ext": {
                "url": "https://dy.58ys.vip",
                "dataKey": "JEWibY1AgWF0V1xx",
                "dataIv": "JEWibY1AgWF0V1xx"
            }
        },
        {
            "key": "驿站",
            "name": "🏤驿站｜APP",
            "type": 3,
            "quickSearch": 1,
            "api": "csp_AppGet",
            "ext": {
                "site": "https://dyyztvappapigoodgx.68.gy:12689/ciwk28vu38io8/apiurl.txt",
                "dataKey": "dyyztvapiappyyds",
                "dataIv": "dyyztvapiappyyds"
            }
        },
        {
            "key": "灵虎",
            "name": "🐯灵虎｜APP",
            "type": 3,
            "quickSearch": 1,
            "api": "csp_AppGet",
            "ext": {
                "site": "https://bind.315999.xyz/89.txt",
                "dataKey": "#getapp@TMD@2025",
                "dataIv": "#getapp@TMD@2025",
                "version": "120"
            }
        },
        {
            "key": "旗星",
            "name": "🌟旗星｜APP",
            "type": 3,
            "quickSearch": 1,
            "api": "csp_AppGet",
            "ext": {
                "url": "http://ys.qist.top",
                "dataKey": "2SWSPFxugBLPPOKo",
                "dataIv": "2SWSPFxugBLPPOKo",
                "version": "120"
            }
        },
        {
            "key": "哔哩视频",
            "name": "🅱️哔哩｜视频",
            "type": 3,
            "api": "csp_BiliYS",
            "searchable": 1,
            "quickSearch": 0,
            "filterable": 0,
            "changeable": 0,
            "style": {
                "type": "rect",
                "ratio": 1.433
            },
            "ext": {
                "json": "./json/哔哩视频.json",
                "cookie": "http://127.0.0.1:9978/file/TVBox/bili_cookie.txt"
            }
        },
        {
            "key": "腾讯视频",
            "name": "🐧腾讯｜视频",
            "type": 3,
            "api": "./js/drpy2.min.js",
            "ext": "./js/腾讯视频.js"
        },
        {
            "key": "优酷视频",
            "name": "👑优酷｜视频",
            "type": 3,
            "api": "./js/drpy2.min.js",
            "ext": "./js/优酷视频.js"
        },
        {
            "key": "芒果视频",
            "name": "🥭芒果｜视频",
            "type": 3,
            "api": "./js/drpy2.min.js",
            "ext": "./js/芒果视频.js"
        },
        {
            "key": "爱奇艺",
            "name": "🥝爱奇艺｜视频",
            "type": 3,
            "api": "./js/drpy2.min.js",
            "ext": "./js/爱奇艺.js"
        },
        {
            "key": "三六零",
            "name": "🛡️三六零｜视频",
            "type": 3,
            "api": "csp_SP360"
        },
        {
            "key": "玩偶",
            "name": "🎪玩偶｜4K弹幕",
            "type": 3,
            "api": "csp_Wogg",
            "searchable": 1,
            "quickSearch": 1,
            "filterable": 1,
            "changeable": 1,
            "ext": {
                "site": [
                    "https://www.wogg.one",
                    "https://wogg.333232.xyz",
                    "https://woggpan.888484.xyz"
                ]
            }
        },
        {
            "key": "快映",
            "name": "🐆快映｜4K弹幕",
            "type": 3,
            "api": "csp_PanWebShare",
            "searchable": 1,
            "quickSearch": 1,
            "filterable": 1,
            "changeable": 1,
            "ext": {
                "site": [
                    "http://xsayang.fun:12512"
                ]
            }
        },
        {
            "key": "木偶",
            "name": "🪵木偶｜4K弹幕",
            "type": 3,
            "api": "csp_PanWebShare",
            "searchable": 1,
            "quickSearch": 1,
            "filterable": 1,
            "changeable": 1,
            "ext": {
                "site": [
                    "https://123.666291.xyz",
                    "https://666.666291.xyz",
                    "https://www.muou.site",
                    "https://www.muou.asia"
                ]
            }
        },
        {
            "key": "蜡笔",
            "name": "🖍️蜡笔｜4K弹幕",
            "type": 3,
            "api": "csp_PanWebShare",
            "searchable": 1,
            "quickSearch": 1,
            "filterable": 1,
            "changeable": 1,
            "ext": {
                "site": [
                    "https://www.labi88.sbs",
                    "https://feimao666.fun",
                    "http://feimao888.fun"
                ]
            }
        },
        {
            "key": "至臻",
            "name": "💎至臻｜4K弹幕",
            "type": 3,
            "api": "csp_PanWebShare",
            "searchable": 1,
            "quickSearch": 1,
            "filterable": 1,
            "changeable": 1,
            "ext": {
                "site": [
                    "https://mihdr.top",
                    "https://www.miqk.cc",
                    "https://xiaomiai.site",
                    "https://xiaomi666.fun",
                    "https://www.mihdr.top",
                    "https://www.zhizhenpan.fun"
                ]
            }
        },
        {
            "key": "多多",
            "name": "✨多多｜4K弹幕",
            "type": 3,
            "api": "csp_PanWebShare",
            "searchable": 1,
            "quickSearch": 1,
            "filterable": 1,
            "changeable": 1,
            "ext": {
                "site": [
                    "https://tv.yydsys.top",
                    "https://tv.yydsys.cc",
                    "https://tv.214521.xyz"
                ]
            }
        },
        {
            "key": "欧哥",
            "name": "🇪🇺欧哥｜4K弹幕",
            "type": 3,
            "api": "csp_PanWebShare",
            "searchable": 1,
            "quickSearch": 1,
            "filterable": 1,
            "changeable": 1,
            "ext": {
                "site": [
                    "https://woog.nxog.eu.org",
                    "https://woog.nxog.fun",
                    "https://woog.nxog.eu.org",
                    "https://woog.430520.xyz"
                ]
            }
        },
        {
            "key": "二小",
            "name": "🤡二小｜4K弹幕",
            "type": 3,
            "api": "csp_PanWebShare",
            "searchable": 1,
            "quickSearch": 1,
            "filterable": 1,
            "changeable": 1,
            "ext": {
                "site": [
                    "https://xhww.net",
                    "https://erxiaofn.site",
                    "https://erxiaofn.click",
                    "https://www.xhww.net"
                ]
            }
        },
        {
            "key": "虎斑",
            "name": "🐯虎斑｜4K弹幕",
            "type": 3,
            "api": "csp_PanWebShare",
            "searchable": 1,
            "quickSearch": 1,
            "filterable": 1,
            "changeable": 1,
            "ext": {
                "site": [
                    "http://103.45.162.207:20720"
                ]
            }
        },
        {
            "key": "夸克",
            "name": "🔬夸克｜4K",
            "type": 3,
            "api": "csp_PanWebShareCloudKK",
            "searchable": 1,
            "quickSearch": 1,
            "filterable": 1,
            "changeable": 1,
            "ext": {
                "site": [
                    "https://www.quarktv.cc"
                ]
            }
        },
        {
            "key": "清影",
            "name": "🎞️清影｜4K",
            "type": 3,
            "api": "csp_PanWebShareCloudQY",
            "searchable": 1,
            "quickSearch": 1,
            "filterable": 1,
            "changeable": 1,
            "ext": {
                "site": [
                    "http://www.revohd.com"
                ]
            }
        },
        {
            "key": "雷鲸",
            "name": "🐋雷鲸｜4K弹幕",
            "type": 3,
            "api": "csp_PanWebShareCloudLJ",
            "searchable": 1,
            "quickSearch": 1,
            "filterable": 1,
            "changeable": 1,
            "style": {
                "type": "list",
                "ratio": 1.433
            },
            "ext": {
                "site": [
                    "https://www.leijing.xyz",
                    "https://www.leijing1.com",
                    "https://leijing.xyz",
                    "https://leijing1.com"
                ]
            }
        },
        {
            "key": "海绵",
            "name": "🧽海绵｜4K弹幕",
            "type": 3,
            "api": "csp_PanWebShareCloudHM",
            "searchable": 1,
            "quickSearch": 1,
            "filterable": 1,
            "changeable": 1,
            "style": {
                "type": "list",
                "ratio": 1.433
            },
            "ext": {
                "site": [
                    "http://haimian.eu.org",
                    "https://www.hmxz.org",
                    "https://www.haimianxz.com"
                ]
            }
        },
        {
            "key": "夸父",
            "name": "🌞夸父｜4K弹幕",
            "type": 3,
            "api": "csp_PanWebShareCloudKF",
            "searchable": 1,
            "quickSearch": 1,
            "filterable": 1,
            "changeable": 1,
            "style": {
                "type": "list",
                "ratio": 1.433
            },
            "ext": {
                "site": [
                    "https://www.kfzy.cc"
                ],
                "cookie": "bbs_sid=qtrfbfct9gs8e7qat96o3nf09t;isClose=yes;__mxau__c2-lS6GI0pR=de438e75-e385-47c4-acb1-6564b407c7b1;__mxaf__c2-lS6GI0pR=1761439615;bbs_token=9NqiBWxAvM2MN_2FST20QOg5g9gcyzm2Hqfd9YwaQjK6Y_3D;__mxas__c2-lS6GI0pR=%7B%22sid%22%3A%22e4f30c47-1290-431b-b228-b9116c4744bd%22%2C%22vd%22%3A5%2C%22stt%22%3A168%2C%22dr%22%3A3%2C%22expires%22%3A1761476207%2C%22ct%22%3A1761474407%7D;__mxav__c2-lS6GI0pR=13"
            }
        },
        {
            "key": "盘它",
            "name": "💾盘它｜4K",
            "type": 3,
            "api": "csp_PanWebShareCloudPT",
            "searchable": 1,
            "quickSearch": 1,
            "filterable": 1,
            "changeable": 1,
            "style": {
                "type": "list"
            }
        },
        {
            "key": "123",
            "name": "🔢123｜4K弹幕",
            "type": 3,
            "api": "csp_PanWebShareCloud123",
            "searchable": 1,
            "quickSearch": 1,
            "filterable": 1,
            "changeable": 1,
            "style": {
                "type": "list",
                "ratio": 1.433
            },
            "ext": {
                "site": [
                    "https://123panfx.com",
                    "https://pan1.me"
                ]
            }
        },
        {
            "key": "人人",
            "name": "👥人人｜4K弹幕",
            "type": 3,
            "api": "csp_RenRen"
        },
        {
            "key": "即刻",
            "name": "🚀即刻｜4K",
            "type": 3,
            "api": "csp_Jike",
            "style": {
                "type": "list"
            }
        },
        {
            "key": "双星",
            "name": "🌟双星｜4K弹幕",
            "type": 3,
            "api": "csp_ShuangXing",
            "style": {
                "type": "list"
            }
        },
        {
            "key": "锦鲤短剧",
            "name": "🐟锦鲤｜短剧",
            "type": 3,
            "api": "csp_JinliDJ",
            "searchable": 1,
            "changeable": 1,
            "quickSearch": 1,
            "filterable": 1
        },
        {
            "key": "笒鬼短剧",
            "name": "👻笒鬼｜短剧",
            "type": 3,
            "api": "csp_CenguiDJ",
            "searchable": 1,
            "changeable": 1,
            "quickSearch": 1,
            "filterable": 1
        },
        {
            "key": "百度短剧",
            "name": "🔍百度｜短剧",
            "type": 3,
            "api": "csp_BaiduDJ",
            "searchable": 1,
            "changeable": 1,
            "quickSearch": 1,
            "filterable": 1
        },
        {
            "key": "星阁短剧",
            "name": "✨星阁｜短剧",
            "type": 3,
            "api": "csp_XinggeDJ",
            "searchable": 1,
            "changeable": 1,
            "quickSearch": 1,
            "filterable": 1
        },
        {
            "key": "星芽短剧",
            "name": "🌱星芽｜短剧",
            "type": 3,
            "api": "./py/星芽短剧.py",
            "searchable": 1,
            "changeable": 1,
            "quickSearch": 1,
            "filterable": 1
        },
        {
            "key": "剧王短剧",
            "name": "👑剧王｜短剧",
            "type": 3,
            "api": "./py/剧王短剧.py",
            "searchable": 1,
            "changeable": 1,
            "quickSearch": 1,
            "filterable": 1
        },
        {
            "key": "番茄短剧",
            "name": "🍅番茄｜短剧",
            "type": 3,
            "api": "csp_XBPQ",
            "ext": "./XBPQ/番茄短剧.json"
        },
        {
            "key": "厂长影视",
            "name": "🎥厂长｜影视",
            "type": 3,
            "api": "csp_Czsapp",
            "searchable": 1,
            "quickSearch": 1,
            "filterable": 1,
            "ext": "https://www.czzymovie.com"
        },
        {
            "key": "金牌影视",
            "name": "🥇金牌｜影视",
            "type": 3,
            "api": "csp_Jpys",
            "ext": "https://y2s52n7.com,https://m.hkybqufgh.com,https://m.sizhengxt.com,https://m.9zhoukj.com,https://m.sizhengxt.com,https://m.jiabaide.cn"
        },
        {
            "key": "云播影视",
            "name": "☁️云播｜影视",
            "type": 3,
            "api": "csp_Tvyb",
            "ext": "http://www.viptv05.com"
        },
        {
            "key": "奇优影视",
            "name": "🌀奇优｜影视",
            "type": 3,
            "api": "csp_Qiyou"
        },
        {
            "key": "苹果影视",
            "name": "🍎苹果｜影视",
            "type": 3,
            "api": "csp_LiteApple",
            "searchable": 1,
            "quickSearch": 1,
            "filterable": 1
        },
        {
            "key": "全网影视",
            "name": "🌐全看｜影视",
            "type": 3,
            "api": "csp_Quanwk",
            "ext": "https://888.qkw1.cc"
        },
        {
            "key": "饺子影视",
            "name": "🥟饺子｜影视",
            "type": 3,
            "api": "csp_Jiaozi"
        },
        {
            "key": "瓜子影视",
            "name": "🎲瓜子｜影视",
            "type": 3,
            "api": "csp_Gz360",
            "searchable": 1,
            "quickSearch": 1,
            "filterable": 1
        },
        {
            "key": "骚火影视",
            "name": "🔥骚火｜影视",
            "type": 3,
            "api": "csp_SaoHuo",
            "playerType": 2,
            "ext": "https://shdy5.us"
        },
        {
            "key": "农民影视",
            "name": "🌾农民｜影视",
            "type": 3,
            "api": "csp_Wwys",
            "ext": "https://vip.wwgz.cn:5200"
        },
        {
            "key": "爱看机器人",
            "name": "🤖爱看｜影视",
            "type": 3,
            "api": "csp_Ikanbot",
            "searchable": 1,
            "quickSearch": 1,
            "filterable": 1
        },
        {
            "key": "韩剧看看",
            "name": "🇰🇷韩剧｜影视",
            "type": 3,
            "api": "csp_XBPQ",
            "ext": "./XBPQ/韩剧看看.json"
        },
        {
            "key": "莫小影视",
            "name": "🎬莫小｜影视",
            "type": 3,
            "api": "csp_XBPQ",
            "ext": "./XBPQ/莫小影视.json"
        },
        {
            "key": "明星影视",
            "name": "🌟明星｜影视",
            "type": 3,
            "api": "csp_XBPQ",
            "ext": "./XBPQ/明星影视.json"
        },
        {
            "key": "面包影视",
            "name": "🍞面包｜影视",
            "type": 3,
            "api": "csp_XBPQ",
            "ext": "./XBPQ/面包影视.json"
        },
        {
            "key": "永乐影视",
            "name": "🎎永乐｜影视",
            "type": 3,
            "api": "csp_XBPQ",
            "ext": "./XBPQ/永乐影视.json"
        },
        {
            "key": "采集之王",
            "name": "📡采集｜合集",
            "type": 3,
            "api": "./js/drpy2.min.js",
            "ext": "./js/采集之王.js?type=url&params=../json/采集静态.json$1$1"
        },
        {
            "key": "1905",
            "name": "🎥1905｜影视",
            "type": 3,
            "api": "csp_Web1905",
            "searchable": 1,
            "quickSearch": 0,
            "filterable": 0
        },
        {
            "key": "哆啦新番社",
            "name": "🔔哆啦｜新番社",
            "type": 3,
            "api": "csp_XBPQ",
            "style": {
                "type": "list"
            },
            "ext": "./XBPQ/哆啦新番社.json"
        },
        {
            "key": "Anime1",
            "name": "🇨🇳第一｜动漫",
            "type": 3,
            "api": "./js/drpy2.min.js",
            "ext": "./js/Anime1.js"
        },
        {
            "key": "NT动漫",
            "name": "🇳🇿NT｜动漫",
            "type": 3,
            "api": "./js/drpy2.min.js",
            "ext": "./js/NT动漫.js"
        },
        {
            "key": "漫国动漫",
            "name": "🗾漫国｜动漫",
            "type": 3,
            "api": "csp_AppSy",
            "ext": {
                "site": "https://dm-1255775577.cos.ap-guangzhou.myqcloud.com/dmg/api.txt",
                "siteKey": "rectangleadsadxa",
                "listKey": "aassddwwxxllsx1x",
                "parsesKey": "aassddwwxxllsx1x"
            }
        },
        {
            "key": "卡卡",
            "name": "🦁卡卡｜动漫",
            "type": 3,
            "searchable": 1,
            "changeable": 1,
            "api": "csp_AppGet",
            "ext": {
                "url": "http://154.201.90.53:8002",
                "dataKey": "123456789abcdefg",
                "dataIv": "123456789abcdefg"
            }
        },
        {
            "key": "丫丫动漫",
            "name": "🦆丫丫｜动漫",
            "type": 3,
            "quickSearch": 1,
            "api": "csp_AppGet",
            "ext": {
                "url": "http://tv.yy-fun.cc",
                "dataKey": "qkxnwkfjwpcnwycl",
                "dataIv": "qkxnwkfjwpcnwycl"
            }
        },
        {
            "key": "冬日动漫",
            "name": "⛄冬日｜动漫",
            "type": 3,
            "quickSearch": 1,
            "api": "csp_AppGet",
            "ext": {
                "url": "http://www.drdm.fun",
                "dataKey": "qE2nD0rL1lH4uP9r",
                "dataIv": "qE2nD0rL1lH4uP9r"
            }
        },
        {
            "key": "方舟动漫",
            "name": "🚢方舟｜动漫",
            "type": 3,
            "quickSearch": 1,
            "api": "csp_AppGet",
            "ext": {
                "url": "https://www.cyfz.vip",
                "dataKey": "e72cdfd629e8895d",
                "dataIv": "e72cdfd629e8895d"
            }
        },
        {
            "key": "元咲动漫",
            "name": "🌸元咲｜动漫",
            "type": 3,
            "quickSearch": 1,
            "api": "csp_AppGet",
            "ext": {
                "url": "http://cic.aicg.fun",
                "dataKey": "2c4h36abd96se10u",
                "dataIv": "2c4h36abd96se10u"
            }
        },
        {
            "key": "番薯动漫",
            "name": "🍠番薯｜动漫",
            "type": 3,
            "quickSearch": 1,
            "api": "csp_AppGet",
            "ext": {
                "url": "https://new.app.bytegooty.com",
                "dataKey": "N4yj7l7xKxHF4*gz",
                "dataIv": "N4yj7l7xKxHF4*gz"
            }
        },
        {
            "key": "曼波动漫",
            "name": "🎎曼波｜动漫",
            "type": 3,
            "quickSearch": 1,
            "api": "csp_AppGet",
            "ext": {
                "url": "https://app.omofun1.top",
                "dataKey": "66dc309cbeeca454",
                "dataIv": "66dc309cbeeca454"
            }
        },
        {
            "key": "咕咕动漫",
            "name": "🐦咕咕｜动漫",
            "type": 3,
            "quickSearch": 1,
            "api": "csp_AppGet",
            "ext": {
                "url": "https://www.gugu3.com",
                "dataKey": "nKfZ8KX6JTNWRzTD",
                "dataIv": "nKfZ8KX6JTNWRzTD"
            }
        },
        {
            "key": "米饭动漫",
            "name": "🍚米饭｜动漫",
            "type": 3,
            "quickSearch": 1,
            "api": "csp_AppGet",
            "ext": {
                "url": "https://get.mymifun.com",
                "dataKey": "GETMIFUNGEIMIFUN",
                "dataIv": "GETMIFUNGEIMIFUN"
            }
        },
        {
            "key": "樱花动漫",
            "name": "🌸樱花｜动漫",
            "type": 3,
            "api": "csp_XBPQ",
            "ext": "./XBPQ/樱花动漫.json"
        },
        {
            "key": "巴士动漫",
            "name": "🚌巴士｜动漫",
            "type": 3,
            "api": "csp_XYQHiker",
            "ext": "./XYQHiker/巴士动漫.json"
        },
        {
            "key": "花子动漫",
            "name": "💮花子｜动漫",
            "type": 3,
            "api": "./js/drpy2.min.js",
            "ext": "./js/花子动漫.js"
        },
        {
            "key": "爱动漫",
            "name": "❤️爱动漫｜动漫",
            "type": 3,
            "api": "./js/drpy2.min.js",
            "ext": "./js/爱动漫.js"
        },
        {
            "key": "路漫漫",
            "name": "🛣️路漫漫｜动漫",
            "type": 3,
            "api": "./js/drpy2.min.js",
            "ext": "./js/路漫漫.js"
        },
        {
            "key": "去看吧",
            "name": "👀去看吧｜动漫",
            "type": 3,
            "api": "./js/drpy2.min.js",
            "ext": "./js/去看吧.js"
        },
        {
            "key": "荐片",
            "name": "📎荐片｜磁力",
            "api": "csp_JianPian",
            "type": 3
        },
        {
            "key": "修罗",
            "name": "⚔️修罗｜磁力",
            "api": "csp_Xlys",
            "type": 3,
            "ext": "https://xl01.com.de"
        },
        {
            "key": "七味",
            "name": "🌶️七味｜磁力",
            "type": 3,
            "api": "csp_QnMp4",
            "searchable": 1,
            "quickSearch": 1,
            "filterable": 1,
            "ext": {
                "url": "https://www.pkmp4.xyz,https://www.qwnull.com,https://www.qwmkv.com,https://www.qwfilm.com,https://www.qnmp4.com,https://www.qnnull.com,https://www.qnhot.com"
            }
        },
        {
            "key": "雪花",
            "name": "❄️雪花｜磁力",
            "type": 3,
            "api": "csp_XBPQ",
            "changeable": 1,
            "searchable": 1,
            "quickSearch": 1,
            "filterable": 1,
            "ext": "./XBPQ/雪花.json"
        },
        {
            "key": "80S",
            "name": "🕹️80S｜磁力",
            "type": 3,
            "api": "csp_BLSGod",
            "playerType": 1,
            "searchable": 1,
            "quickSearch": 1,
            "filterable": 1
        },
        {
            "key": "New6v",
            "name": "🆕New6V｜磁力",
            "type": 3,
            "api": "csp_New6v",
            "searchable": 1,
            "quickSearch": 1,
            "filterable": 1,
            "ext": "https://www.xb6v.com"
        },
        {
            "key": "美剧迷",
            "name": "🇺🇸美剧迷｜磁力",
            "type": 3,
            "api": "csp_MeijuMi",
            "searchable": 1,
            "quickSearch": 1,
            "filterable": 1
        },
        {
            "key": "迅雷吧",
            "name": "💣迅雷吧｜磁力",
            "type": 3,
            "api": "csp_Xunlei8",
            "searchable": 1,
            "quickSearch": 1,
            "filterable": 1
        },
        {
            "key": "电影港",
            "name": "🎬电影港｜磁力",
            "type": 3,
            "api": "csp_XYQHiker",
            "searchable": 1,
            "quickSearch": 1,
            "filterable": 1,
            "ext": "./XYQHiker/电影港.json"
        },
        {
            "key": "狐狸君",
            "name": "🦊狐狸君｜磁力",
            "type": 3,
            "api": "csp_XBPQ",
            "changeable": 1,
            "searchable": 1,
            "quickSearch": 1,
            "filterable": 1,
            "ext": "./XBPQ/狐狸君.json"
        },
        {
            "key": "Mp4电影",
            "name": "📼Mp4电影｜磁力",
            "type": 3,
            "api": "csp_Mp4Mov",
            "searchable": 1,
            "quickSearch": 1,
            "filterable": 1
        },
        {
            "key": "美剧天堂",
            "name": "🇺🇸美剧天堂｜磁力",
            "type": 3,
            "api": "csp_MeijuTT",
            "searchable": 1,
            "quickSearch": 1,
            "filterable": 1
        },
        {
            "key": "电影天堂",
            "name": "🎥电影天堂｜磁力",
            "type": 3,
            "api": "csp_DyGod",
            "searchable": 1,
            "quickSearch": 1,
            "filterable": 1
        },
        {
            "key": "阿里云盘",
            "name": "👤我的｜阿里",
            "type": 3,
            "api": "csp_PanAli",
            "searchable": 0,
            "filterable": 0,
            "changeable": 0,
            "style": {
                "type": "list",
                "ratio": 1.433
            },
            "ext": "./json/aliShare.json"
        },
        {
            "key": "夸克云盘",
            "name": "👤我的｜夸克",
            "type": 3,
            "api": "csp_PanQuark",
            "searchable": 0,
            "filterable": 0,
            "changeable": 0,
            "style": {
                "type": "list",
                "ratio": 1.433
            },
            "ext": "./json/quarkShare.json"
        },
        {
            "key": "UC云盘",
            "name": "👤我的｜UC",
            "type": 3,
            "api": "csp_PanUc",
            "searchable": 0,
            "filterable": 0,
            "changeable": 0,
            "style": {
                "type": "list",
                "ratio": 1.433
            },
            "ext": "./json/ucShare.json"
        },
        {
            "key": "百度云盘",
            "name": "👤我的｜百度",
            "type": 3,
            "api": "csp_PanBaiDu",
            "searchable": 0,
            "filterable": 0,
            "changeable": 0,
            "style": {
                "type": "list",
                "ratio": 1.433
            }
        },
        {
            "key": "阿里盘搜",
            "name": "🅰️阿里｜盘搜",
            "type": 3,
            "api": "csp_PanSou",
            "searchable": 1,
            "quickSearch": 1,
            "filterable": 1,
            "ext": {
                "cloudDrives": "aliyun"
            }
        },
        {
            "key": "夸克盘搜",
            "name": "🔬夸克｜盘搜",
            "type": 3,
            "api": "csp_PanSou",
            "searchable": 1,
            "quickSearch": 1,
            "filterable": 1,
            "ext": {
                "cloudDrives": "quark"
            }
        },
        {
            "key": "UC盘搜",
            "name": "📱UC｜盘搜",
            "type": 3,
            "api": "csp_PanSou",
            "searchable": 1,
            "quickSearch": 1,
            "filterable": 1,
            "ext": {
                "cloudDrives": "uc"
            }
        },
        {
            "key": "天翼盘搜",
            "name": "☁️天翼｜盘搜",
            "type": 3,
            "api": "csp_PanSou",
            "searchable": 1,
            "quickSearch": 1,
            "filterable": 1,
            "ext": {
                "cloudDrives": "tianyi"
            }
        },
        {
            "key": "123盘搜",
            "name": "1️⃣123｜盘搜",
            "type": 3,
            "api": "csp_PanSou",
            "searchable": 1,
            "quickSearch": 1,
            "filterable": 1,
            "ext": {
                "cloudDrives": "123"
            }
        },
        {
            "key": "百度盘搜",
            "name": "🔍百度｜盘搜",
            "type": 3,
            "api": "csp_PanSou",
            "searchable": 1,
            "quickSearch": 1,
            "filterable": 1,
            "ext": {
                "cloudDrives": "baidu"
            }
        },
        {
            "key": "移动盘搜",
            "name": "📶移动｜盘搜",
            "type": 3,
            "api": "csp_PanSou139",
            "searchable": 1,
            "quickSearch": 1,
            "filterable": 1,
            "ext": {
                "cloudDrives": "mobile"
            }
        },
        {
            "key": "糖果",
            "name": "🍬糖果｜搜索",
            "type": 3,
            "api": "csp_TGSou",
            "searchable": 1,
            "quickSearch": 1,
            "filterable": 1
        },
        {
            "key": "百酷",
            "name": "💯百酷｜搜索",
            "type": 3,
            "api": "csp_Baiku"
        },
        {
            "key": "米搜",
            "name": "🍚米搜｜搜索",
            "type": 3,
            "api": "csp_MiSou"
        },
        {
            "key": "酷乐",
            "name": "🎵酷乐｜搜索",
            "type": 3,
            "api": "csp_KuLe"
        },
        {
            "key": "鬼鬼",
            "name": "👻鬼鬼｜搜索",
            "type": 3,
            "api": "csp_GuiGui"
        },
        {
            "key": "混合",
            "name": "🔄混合｜搜索",
            "type": 3,
            "api": "csp_HunHePan"
        },
        {
            "key": "兄弟",
            "name": "👬兄弟｜搜索",
            "type": 3,
            "api": "csp_XiongDiPan"
        },
        {
            "key": "天翼",
            "name": "☁️天翼｜搜索",
            "type": 3,
            "api": "csp_TianYiSo"
        },
        {
            "key": "趣盘",
            "name": "🔍趣盘｜搜索",
            "type": 3,
            "api": "csp_QuPanSo"
        },
        {
            "key": "AList",
            "name": "🗂️AList｜合集",
            "type": 3,
            "api": "csp_Alist",
            "searchable": 1,
            "filterable": 1,
            "changeable": 0,
            "style": {
                "type": "list"
            },
            "ext": "./json/alist.json"
        },
        {
            "key": "88看球",
            "name": "🏀88｜看球",
            "type": 3,
            "api": "csp_Kanqiu",
            "gridview": 3,
            "style": {
                "type": "list"
            }
        },
        {
            "key": "六月听书",
            "name": "📖六月｜听书",
            "type": 3,
            "api": "csp_TingBook",
            "style": {
                "type": "list"
            }
        },
        {
            "key": "呦呦DJ",
            "name": "🎧呦呦｜DJ",
            "type": 3,
            "api": "csp_Djuu",
            "style": {
                "type": "list"
            }
        },
        {
            "key": "戏曲多多",
            "name": "🎭戏曲｜多多",
            "type": 3,
            "api": "csp_AppLY",
            "style": {
                "type": "list"
            }
        },
        {
            "key": "网络直播",
            "name": "📡网络｜直播",
            "type": 3,
            "api": "./py/网络直播.py"
        },
        {
            "key": "哔哩直播",
            "name": "📺哔哩｜直播",
            "type": 3,
            "api": "./py/哔哩直播.py"
        },
        {
            "key": "哔哩合集",
            "name": "📺哔哩｜合集",
            "type": 3,
            "api": "csp_Bili",
            "searchable": 1,
            "quickSearch": 0,
            "filterable": 0,
            "changeable": 0,
            "style": {
                "type": "rect",
                "ratio": 1.433
            },
            "ext": {
                "json": "./json/哔哩合集.json",
                "cookie": "http://127.0.0.1:9978/file/TVBox/bili_cookie.txt"
            }
        },
        {
            "key": "哔哩哔哩演唱会",
            "name": "🎵哔哩｜音乐",
            "type": 3,
            "api": "csp_Bili",
            "searchable": 0,
            "quickSearch": 0,
            "filterable": 0,
            "ext": {
                "cookie": "http://127.0.0.1:9978/file/TVBox/bili_cookie.txt",
                "json": "./json/哔哩哔哩演唱会.json"
            },
            "style": {
                "type": "rect",
                "ratio": 1.597
            }
        },
        {
            "key": "哔哩哔哩听书",
            "name": "🎧哔哩｜听书",
            "type": 3,
            "api": "csp_Bili",
            "searchable": 0,
            "quickSearch": 0,
            "filterable": 0,
            "ext": {
                "cookie": "http://127.0.0.1:9978/file/TVBox/bili_cookie.txt",
                "json": "./json/哔哩哔哩听书.json"
            },
            "style": {
                "type": "rect",
                "ratio": 1.597
            }
        },
        {
            "key": "哔哩哔哩相声",
            "name": "🎭哔哩｜相声",
            "type": 3,
            "api": "csp_Bili",
            "searchable": 0,
            "quickSearch": 0,
            "filterable": 0,
            "ext": {
                "cookie": "http://127.0.0.1:9978/file/TVBox/bili_cookie.txt",
                "json": "./json/哔哩哔哩相声.json"
            },
            "style": {
                "type": "rect",
                "ratio": 1.597
            }
        },
        {
            "key": "哔哩哔哩小品",
            "name": "🤣哔哩｜小品",
            "type": 3,
            "api": "csp_Bili",
            "searchable": 0,
            "quickSearch": 0,
            "filterable": 0,
            "ext": {
                "cookie": "http://127.0.0.1:9978/file/TVBox/bili_cookie.txt",
                "json": "./json/哔哩哔哩小品.json"
            },
            "style": {
                "type": "rect",
                "ratio": 1.597
            }
        },
        {
            "key": "哔哩哔哩戏曲",
            "name": "🎭哔哩｜戏曲",
            "type": 3,
            "api": "csp_Bili",
            "searchable": 0,
            "quickSearch": 0,
            "filterable": 0,
            "ext": {
                "cookie": "http://127.0.0.1:9978/file/TVBox/bili_cookie.txt",
                "json": "./json/哔哩哔哩戏曲.json"
            },
            "style": {
                "type": "rect",
                "ratio": 1.597
            }
        },
        {
            "key": "少儿教育",
            "name": "🧒少儿｜教育",
            "type": 3,
            "api": "csp_Bili",
            "searchable": 0,
            "quickSearch": 0,
            "filterable": 1,
            "ext": {
                "json": "./json/少儿教育.json",
                "cookie": "http://127.0.0.1:9978/file/TVBox/bili_cookie.txt"
            },
            "style": {
                "type": "rect",
                "ratio": 1.597
            }
        },
        {
            "key": "小学课堂",
            "name": "✏️小学｜课堂",
            "type": 3,
            "api": "csp_Bili",
            "searchable": 0,
            "quickSearch": 0,
            "filterable": 1,
            "ext": {
                "json": "./json/小学课堂.json",
                "cookie": "http://127.0.0.1:9978/file/TVBox/bili_cookie.txt"
            },
            "style": {
                "type": "rect",
                "ratio": 1.597
            }
        },
        {
            "key": "初中课堂",
            "name": "📚初中｜课堂",
            "type": 3,
            "api": "csp_Bili",
            "searchable": 0,
            "quickSearch": 0,
            "filterable": 1,
            "ext": {
                "json": "./json/初中课堂.json",
                "cookie": "http://127.0.0.1:9978/file/TVBox/bili_cookie.txt"
            },
            "style": {
                "type": "rect",
                "ratio": 1.597
            }
        },
        {
            "key": "高中课堂",
            "name": "🎓高中｜课堂",
            "type": 3,
            "api": "csp_Bili",
            "searchable": 0,
            "quickSearch": 0,
            "filterable": 1,
            "ext": {
                "json": "./json/高中课堂.json",
                "cookie": "http://127.0.0.1:9978/file/TVBox/bili_cookie.txt"
            },
            "style": {
                "type": "rect",
                "ratio": 1.597
            }
        },
        {
            "key": "急救教学",
            "name": "🚑急救｜教学",
            "type": 3,
            "api": "csp_FirstAid",
            "searchable": 0,
            "quickSearch": 0,
            "changeable": 0,
            "style": {
                "type": "rect",
                "ratio": 3.8
            },
            "gridview": "0-0-4.1"
        },
        {
            "key": "养生堂",
            "name": "🌿养生｜知识",
            "type": 3,
            "api": "csp_XBPQ",
            "ext": "./XBPQ/养生堂.json",
            "style": {
                "type": "rect",
                "ratio": 1.597
            }
        },
        {
            "key": "push_agent",
            "name": "📱手机｜推送",
            "type": 3,
            "api": "csp_Push",
            "searchable": 0,
            "filterable": 0,
            "changeable": 0
        }
    ],
    "parses": [
        {
            "name": "聚合",
            "type": 3,
            "url": "Web"
        },
        {
            "name": "😋小生┃解析1",
            "type": 0,
            "url": "https://jx.xmflv.com/?url=",
            "ext": {
                "header": {
                    "user-agent": "Mozilla/5.0(WindowsNT10.0;Win64;x64)AppleWebKit/537.36(KHTML,likeGecko)Chrome/110.0.0.0Safari/537.36Edg/110.0.1587.57"
                }
            }
        },
        {
            "name": "😏小生┃解析2",
            "type": 0,
            "url": "https://jx.xymp4.cc/?url=",
            "ext": {
                "header": {
                    "user-agent": "Mozilla/5.0(X11;Linuxx86_64)AppleWebKit/537.36(KHTML,likeGecko)Chrome/134.0.0.0Safari/537.36Edg/134.0.3124.68"
                }
            }
        },
        {
            "name": "😃小生┃解析3",
            "type": 0,
            "url": "https://jx.yparse.com/index.php?url=",
            "ext": {
                "header": {
                    "user-agent": "Mozilla/5.0(Linux;Android13;V2049ABuild/TP1A.220624.014;wv)AppleWebKit/537.36(KHTML,likeGecko)Version/4.0Chrome/116.0.0.0MobileSafari/537.36"
                }
            }
        },
        {
            "name": "😊小生┃解析4",
            "type": 0,
            "url": "https://bd.jx.cn/?url=",
            "ext": {
                "header": {
                    "user-agent": "Mozilla/5.0(Linux;Android13;V2049ABuild/TP1A.220624.014;wv)AppleWebKit/537.36(KHTML,likeGecko)Version/4.0Chrome/116.0.0.0MobileSafari/537.36"
                }
            }
        },
        {
            "name": "😆小生┃解析5",
            "type": 0,
            "url": "https://jx.77flv.cc/?url=",
            "ext": {
                "header": {
                    "user-agent": "Mozilla/5.0(Linux;Android13;V2049ABuild/TP1A.220624.014;wv)AppleWebKit/537.36(KHTML,likeGecko)Version/4.0Chrome/116.0.0.0MobileSafari/537.36"
                }
            }
        },
        {
            "name": "🤩小生┃解析6",
            "type": 0,
            "url": "https://www.playm3u8.cn/jiexi.php?url=",
            "ext": {
                "header": {
                    "user-agent": "Mozilla/5.0(Linux;Android13;V2049ABuild/TP1A.220624.014;wv)AppleWebKit/537.36(KHTML,likeGecko)Version/4.0Chrome/116.0.0.0MobileSafari/537.36"
                }
            }
        },
        {
            "name": "😜小生┃解析7",
            "type": 0,
            "url": "https://yemu.xyz/?url=",
            "ext": {
                "header": {
                    "user-agent": "Mozilla/5.0(Linux;Android13;V2049ABuild/TP1A.220624.014;wv)AppleWebKit/537.36(KHTML,likeGecko)Version/4.0Chrome/116.0.0.0MobileSafari/537.36"
                }
            }
        }
    ],
    "rules": [
        {
            "name": "农民",
            "hosts": [
                "toutiaovod.com"
            ],
            "regex": [
                "video/tos/cn"
            ]
        },
        {
            "name": "火山",
            "hosts": [
                "huoshan.com"
            ],
            "regex": [
                "item_id="
            ]
        },
        {
            "name": "抖音",
            "hosts": [
                "douyin.com"
            ],
            "regex": [
                "is_play_url="
            ]
        },
        {
            "name": "磁力广告",
            "hosts": [
                "magnet"
            ],
            "regex": [
                "更多",
                "请访问",
                "example",
                "社區",
                "xuu",
                "直播",
                "更新",
                "社区",
                "有趣",
                "有趣",
                "英皇体育",
                "全中文AV在线",
                "澳门皇冠赌场",
                "哥哥快来",
                "美女荷官",
                "裸聊",
                "新片首发",
                "UUE29"
            ]
        },
        {
            "name": "饭团点击",
            "hosts": [
                "dadagui",
                "freeok",
                "dadagui"
            ],
            "script": [
                "document.querySelector(\"#playleftiframe\").contentWindow.document.querySelector(\"#start\").click();"
            ]
        },
        {
            "name": "毛驴点击",
            "hosts": [
                "www.maolvys.com"
            ],
            "script": [
                "document.getElementsByClassName('swal-buttonswal-button--confirm')[0].click()"
            ]
        }
    ],
    "doh": [
        {
            "name": "Google",
            "url": "https://dns.google/dns-query",
            "ips": [
                "8.8.4.4",
                "8.8.8.8"
            ]
        },
        {
            "name": "Cloudflare",
            "url": "https://cloudflare-dns.com/dns-query",
            "ips": [
                "1.1.1.1",
                "1.0.0.1",
                "2606:4700:4700::1111",
                "2606:4700:4700::1001"
            ]
        },
        {
            "name": "AdGuard",
            "url": "https://dns.adguard.com/dns-query",
            "ips": [
                "94.140.14.140",
                "94.140.14.141"
            ]
        },
        {
            "name": "DNSWatch",
            "url": "https://resolver2.dns.watch/dns-query",
            "ips": [
                "84.200.69.80",
                "84.200.70.40"
            ]
        },
        {
            "name": "Quad9",
            "url": "https://dns.quad9.net/dns-quer",
            "ips": [
                "9.9.9.9",
                "149.112.112.112"
            ]
        }
    ],
    "flags": [
        "youku",
        "优酷",
        "优酷",
        "优酷视频",
        "qq",
        "腾讯",
        "腾讯",
        "腾讯视频",
        "iqiyi",
        "qiyi",
        "奇艺",
        "爱奇艺",
        "爱奇艺",
        "m1905",
        "xigua",
        "letv",
        "leshi",
        "乐视",
        "乐视",
        "sohu",
        "搜狐",
        "搜狐",
        "搜狐视频",
        "tudou",
        "pptv",
        "mgtv",
        "芒果",
        "imgo",
        "芒果TV",
        "芒果TV",
        "bilibili",
        "哔哩",
        "哔哩哔哩"
    ],
    "ijk": [
        {
            "group": "软解码",
            "options": [
                {
                    "category": 4,
                    "name": "opensles",
                    "value": "0"
                },
                {
                    "category": 4,
                    "name": "overlay-format",
                    "value": "842225234"
                },
                {
                    "category": 4,
                    "name": "framedrop",
                    "value": "1"
                },
                {
                    "category": 4,
                    "name": "soundtouch",
                    "value": "1"
                },
                {
                    "category": 4,
                    "name": "start-on-prepared",
                    "value": "1"
                },
                {
                    "category": 1,
                    "name": "http-detect-range-support",
                    "value": "0"
                },
                {
                    "category": 1,
                    "name": "fflags",
                    "value": "fastseek"
                },
                {
                    "category": 2,
                    "name": "skip_loop_filter",
                    "value": "48"
                },
                {
                    "category": 4,
                    "name": "reconnect",
                    "value": "1"
                },
                {
                    "category": 4,
                    "name": "enable-accurate-seek",
                    "value": "0"
                },
                {
                    "category": 4,
                    "name": "mediacodec",
                    "value": "0"
                },
                {
                    "category": 4,
                    "name": "mediacodec-auto-rotate",
                    "value": "0"
                },
                {
                    "category": 4,
                    "name": "mediacodec-handle-resolution-change",
                    "value": "0"
                },
                {
                    "category": 4,
                    "name": "mediacodec-hevc",
                    "value": "0"
                },
                {
                    "category": 1,
                    "name": "dns_cache_timeout",
                    "value": "600000000"
                }
            ]
        },
        {
            "group": "硬解码",
            "options": [
                {
                    "category": 4,
                    "name": "opensles",
                    "value": "0"
                },
                {
                    "category": 4,
                    "name": "overlay-format",
                    "value": "842225234"
                },
                {
                    "category": 4,
                    "name": "framedrop",
                    "value": "1"
                },
                {
                    "category": 4,
                    "name": "soundtouch",
                    "value": "1"
                },
                {
                    "category": 4,
                    "name": "start-on-prepared",
                    "value": "1"
                },
                {
                    "category": 1,
                    "name": "http-detect-range-support",
                    "value": "0"
                },
                {
                    "category": 1,
                    "name": "fflags",
                    "value": "fastseek"
                },
                {
                    "category": 2,
                    "name": "skip_loop_filter",
                    "value": "48"
                },
                {
                    "category": 4,
                    "name": "reconnect",
                    "value": "1"
                },
                {
                    "category": 4,
                    "name": "enable-accurate-seek",
                    "value": "0"
                },
                {
                    "category": 4,
                    "name": "mediacodec",
                    "value": "1"
                },
                {
                    "category": 4,
                    "name": "mediacodec-auto-rotate",
                    "value": "1"
                },
                {
                    "category": 4,
                    "name": "mediacodec-handle-resolution-change",
                    "value": "1"
                },
                {
                    "category": 4,
                    "name": "mediacodec-hevc",
                    "value": "1"
                },
                {
                    "category": 1,
                    "name": "dns_cache_timeout",
                    "value": "600000000"
                }
            ]
        }
    ],
    "ads": [
        "static-mozai.4gtv.tv"
    ]
}