{
  "spider": "clan://localhost/BXSTVBox/BXS.jar",
  "wallpaper": "clan://localhost/BXSTVBox/BXS.webp",
  "logo": "clan://localhost/BXSTVBox/BXS.gif",
  "warningText": "📢📢📢公众号〡影视百晓生提醒您！该接口来源于潇洒大佬，仅用于学习使用！请在体验后24小时内删除！",
  "sites": [
    {
      "key": "豆瓣",
      "name": "🏠豆瓣｜首页",
      "type": 3,
      "api": "csp_Douban",
      "searchable": 0
    },
    {
      "key": "配置中心",
      "name": "⚙️配置｜中心",
      "type": 3,
      "api": "csp_Config",
      "searchable": 0,
      "changeable": 0,
      "indexs": 0,
      "style": {
        "type": "rect",
        "ratio": 1.597
      }
    },
    {
      "key": "本地",
      "name": "📁本地｜视频",
      "type": 3,
      "api": "csp_LocalFile"
    },
    {
      "key": "预告",
      "name": "🆕新片｜预告",
      "type": 3,
      "api": "csp_YGP",
      "searchable": 0
    },
    {
      "key": "热播影视",
      "name": "🎬热播｜APP",
      "type": 3,
      "api": "csp_AppRJ",
      "searchable": 1,
      "quickSearch": 1,
      "filterable": 0,
      "ext": {
        "url": "http://v.rbotv.cn"
      }
    },
    {
      "key": "花柳",
      "name": "🌸花柳｜APP",
      "type": 3,
      "changeable": 0,
      "api": "csp_AppFox",
      "ext": {
        "host": "http://nico.oiio.fun",
        "ver": 2
      }
    },
    {
      "key": "恋鱼",
      "name": "🐟恋鱼｜APP",
      "type": 3,
      "api": "csp_AppFox",
      "ext": {
        "host": "https://173220859-1333208043.cos.ap-shanghai.myqcloud.com/1.json",
        "ver": 2
      }
    },
    {
      "key": "爆炸",
      "name": "爆炸｜APP",
      "type": 3,
      "api": "csp_AppQi",
      "changeable": "1",
      "quickSearch": 0,
      "filterable": 1,
      "ext": {
        "site": "https://daen-1256234123.cos.ap-shanghai.myqcloud.com/MuQi/mqxh.txt",
        "dataKey": "37kj83zs1q16jk6t",
        "dataIv": "37kj83zs1q16jk6t",
        "search": "searchList4",
        "init": "initV122",
        "ua": "okhttp/3.10.0"
      }
    },
    {
      "key": "橘子",
      "name": "🍊橘子｜APP",
      "type": 3,
      "api": "csp_AppQi",
      "changeable": "1",
      "quickSearch": 0,
      "filterable": 1,
      "ext": {
        "url": "https://juziapp.tpmbt.cn",
        "dataKey": "K3h6YvSU8BTUfEcb",
        "dataIv": "K3h6YvSU8BTUfEcb",
        "version": "305",
        "ua": "okhttp/3.10.0"
      }
    },
    {
      "key": "爱盈",
      "name": "💖爱盈｜APP",
      "type": 3,
      "api": "csp_AppQi",
      "changeable": "1",
      "quickSearch": 0,
      "filterable": 1,
      "ext": {
        "site": "https://rxysyyds.oss-cn-chengdu.aliyuncs.com/qiji.txt",
        "dataKey": "sjvlwnhk6h9znl61",
        "dataIv": "sjvlwnhk6h9znl61",
        "version": "305",
        "ua": "okhttp/3.10.0"
      }
    },
    {
      "key": "金牌",
      "name": "🥇金牌｜APP",
      "type": 3,
      "api": "csp_AppQi",
      "changeable": "1",
      "quickSearch": 0,
      "filterable": 1,
      "ext": {
        "site": "https://dtqj.ggtvb.cc/dtjp.txt",
        "dataKey": "eecbio48dsq131ee",
        "dataIv": "eecbio48dsq131ee",
        "search": "searchList4",
        "version": "305",
        "init": "initV122",
        "ua": "okhttp/3.10.0"
      }
    },
    {
      "key": "顾我",
      "name": "🛡️顾我｜APP",
      "type": 3,
      "api": "csp_AppQi",
      "changeable": "1",
      "quickSearch": 0,
      "filterable": 1,
      "ext": {
        "site": "https://guwozj-1319364746.cos.ap-guangzhou.myqcloud.com/guwo.txt",
        "dataKey": "ca94b06ca3c7d80e",
        "dataIv": "ca94b06ca3c7d80e",
        "version": "305",
        "ua": "okhttp/3.10.0"
      }
    },
    {
      "key": "仓鼠",
      "name": "🐹仓鼠｜APP",
      "type": 3,
      "quickSearch": 1,
      "api": "csp_AppQi",
      "ext": {
        "url": "https://hk440cms.cs4k.top",
        "dataKey": "fL7sY4zN4kB3pG4p",
        "dataIv": "fL7sY4zN4kB3pG4p",
        "init": "initV122",
        "ua": "okhttp/3.10.0"
      }
    },
    {
      "key": "鲸鱼",
      "name": "🐋鲸鱼｜APP",
      "type": 3,
      "quickSearch": 1,
      "api": "csp_AppQi",
      "ext": {
        "site": "https://jingyu4k-1312635929.cos.ap-nanjing.myqcloud.com/1.json",
        "dataKey": "AAdgrdghjfgswerA",
        "dataIv": "AAdgrdghjfgswerA"
      }
    },
    {
      "key": "小猪",
      "name": "🐷小猪｜APP",
      "type": 3,
      "quickSearch": 1,
      "api": "csp_AppQi",
      "ext": {
        "site": "https://tiantangyoulu.oss-cn-beijing.aliyuncs.com/tengxunyun.txt",
        "dataKey": "seb5tq9mykp2w9ry",
        "dataIv": "seb5tq9mykp2w9ry",
        "search": "qearchList",
        "init": "initV122",
        "ua": "okhttp/3.10.0"
      }
    },
    {
      "key": "云云",
      "name": "☁️云云｜APP",
      "type": 3,
      "quickSearch": 1,
      "api": "csp_AppQi",
      "ext": {
        "site": "https://staraugust123456.oss-cn-hangzhou.aliyuncs.com/2.txt",
        "dataKey": "staraugust123456",
        "dataIv": "staraugust123456",
        "version": "120"
      }
    },
    {
      "key": "星星",
      "name": "星星｜APP",
      "type": 3,
      "api": "csp_AppGet",
      "ext": {
        "site": "http://110.81.153.7:1963/get.txt",
        "dataKey": "k7L9mQ2xR4pW8n88",
        "dataIv": "k7L9mQ2xR4pW8n88",
        "version": "305"
      }
    },
    {
      "key": "气球",
      "name": "🎈气球｜APP",
      "type": 3,
      "api": "csp_AppGet",
      "ext": {
        "url": "https://vv.229d.cn",
        "dataKey": "8888888888888888",
        "dataIv": "8888888888888888"
      }
    },
    {
      "key": "随看",
      "name": "👀随看｜APP",
      "type": 3,
      "api": "csp_AppGet",
      "ext": {
        "url": "https://suikan.tpmbt.cn",
        "dataKey": "pHQsm6wjYaCuSPEz",
        "dataIv": "pHQsm6wjYaCuSPEz"
      }
    },
    {
      "key": "白鸽",
      "name": "🕊️白鸽｜APP",
      "type": 3,
      "searchable": 1,
      "changeable": 1,
      "api": "csp_AppGet",
      "ext": {
        "url": "https://cy.baige.asia",
        "dataKey": "599D0FE5178642FD",
        "dataIv": "599D0FE5178642FD"
      }
    },
    {
      "key": "剧梦",
      "name": "💭剧梦｜APP",
      "type": 3,
      "searchable": 1,
      "changeable": 1,
      "api": "csp_AppGet",
      "ext": {
        "url": "https://www.jumengwu.com",
        "dataKey": "1f0a873caf2550a5",
        "dataIv": "1f0a873caf2550a5"
      }
    },
    {
      "key": "魔方",
      "name": "🧩魔方｜APP",
      "type": 3,
      "searchable": 1,
      "changeable": 1,
      "api": "csp_AppGet",
      "ext": {
        "site": "https://snysw.xyz/mf4kzs327.txt",
        "dataKey": "1234567887654321",
        "dataIv": "1234567887654321"
      }
    },
    {
      "key": "瑞奇",
      "name": "🌟瑞奇｜APP",
      "type": 3,
      "searchable": 1,
      "api": "csp_AppGet",
      "ext": {
        "url": "http://rqxk.gdata.fun",
        "dataKey": "yangruiqiYsapp00",
        "dataIv": "yangruiqiYsapp00"
      }
    },
    {
      "key": "茉莉",
      "name": "🌼茉莉｜APP",
      "type": 3,
      "searchable": 1,
      "api": "csp_AppGet",
      "ext": {
        "site": "https://gitee.com/wmmoliill/wimg/raw/master/img/bk/9.txt",
        "dataKey": "88689667dce61725",
        "dataIv": "88689667dce61725"
      }
    },
    {
      "key": "八天",
      "name": "8️⃣八天｜APP",
      "type": 3,
      "quickSearch": 1,
      "api": "csp_AppGet",
      "ext": {
        "url": "https://dy.8ttv.cn",
        "dataKey": "1111111111111111",
        "dataIv": "1111111111111111"
      }
    },
    {
      "key": "驿站",
      "name": "🏤驿站｜APP",
      "type": 3,
      "quickSearch": 1,
      "api": "csp_AppGet",
      "ext": {
        "site": "https://dyyztvappapigoodgx.68.gy:12689/ciwk28vu38io8/apiurl.txt",
        "dataKey": "dyyztvapiappyyds",
        "dataIv": "dyyztvapiappyyds"
      }
    },
    {
      "key": "灵虎",
      "name": "🐯灵虎｜APP",
      "type": 3,
      "quickSearch": 1,
      "api": "csp_AppGet",
      "ext": {
        "site": "https://bind.315999.xyz/89.txt",
        "dataKey": "#getapp@TMD@2025",
        "dataIv": "#getapp@TMD@2025",
        "version": "120"
      }
    },
    {
      "key": "旗星",
      "name": "🌟旗星｜APP",
      "type": 3,
      "quickSearch": 1,
      "api": "csp_AppGet",
      "ext": {
        "url": "http://ys.qist.top",
        "dataKey": "2SWSPFxugBLPPOKo",
        "dataIv": "2SWSPFxugBLPPOKo",
        "version": "120"
      }
    },
    {
      "key": "哔哩视频",
      "name": "🅱️哔哩｜视频",
      "type": 3,
      "api": "csp_BiliYS",
      "searchable": 1,
      "quickSearch": 0,
      "filterable": 0,
      "changeable": 0,
      "style": {
        "type": "rect",
        "ratio": 1.433
      },
      "ext": {
        "json": "./json/哔哩视频.json",
        "cookie": "http://127.0.0.1:9978/file/TVBox/bili_cookie.txt"
      }
    },
    {
      "key": "腾讯视频",
      "name": "🐧腾讯｜视频",
      "type": 3,
      "api": "./js/drpy2.min.js",
      "ext": "./js/腾讯视频.js"
    },
    {
      "key": "优酷视频",
      "name": "👑优酷｜视频",
      "type": 3,
      "api": "./js/drpy2.min.js",
      "ext": "./js/优酷视频.js"
    },
    {
      "key": "芒果视频",
      "name": "🥭芒果｜视频",
      "type": 3,
      "api": "./js/drpy2.min.js",
      "ext": "./js/芒果视频.js"
    },
    {
      "key": "爱奇艺",
      "name": "🥝爱奇艺｜视频",
      "type": 3,
      "api": "./js/drpy2.min.js",
      "ext": "./js/爱奇艺.js"
    },
    {
      "key": "三六零",
      "name": "🛡️三六零｜视频",
      "type": 3,
      "api": "csp_SP360"
    },
    {
      "key": "哔哩合集",
      "name": "📺哔哩｜合集",
      "type": 3,
      "api": "csp_Bili",
      "searchable": 1,
      "quickSearch": 0,
      "filterable": 0,
      "changeable": 0,
      "style": {
        "type": "rect",
        "ratio": 1.433
      },
      "ext": {
        "json": "./json/哔哩合集.json",
        "cookie": "http://127.0.0.1:9978/file/TVBox/bili_cookie.txt"
      }
    },
    {
      "key": "甜圈短剧",
      "name": "🍩甜圈｜短剧",
      "type": 3,
      "api": "csp_TianquanDJ",
      "searchable": 1,
      "changeable": 1,
      "quickSearch": 1,
      "filterable": 1
    },
    {
      "key": "锦鲤短剧",
      "name": "🐟锦鲤｜短剧",
      "type": 3,
      "api": "csp_JinliDJ",
      "searchable": 1,
      "changeable": 1,
      "quickSearch": 1,
      "filterable": 1
    },
    {
      "key": "七猫短剧",
      "name": "🐱七猫｜短剧",
      "type": 3,
      "api": "csp_QiMaoDJ",
      "searchable": 1,
      "changeable": 1,
      "quickSearch": 1,
      "filterable": 1
    },
    {
      "key": "星阁短剧",
      "name": "✨星阁｜短剧",
      "type": 3,
      "api": "csp_XinggeDJ",
      "searchable": 1,
      "changeable": 1,
      "quickSearch": 1,
      "filterable": 1
    },
    {
      "key": "星芽短剧",
      "name": "🌱星芽｜短剧",
      "type": 3,
      "api": "./py/星芽短剧.py",
      "searchable": 1,
      "changeable": 1,
      "quickSearch": 1,
      "filterable": 1
    },
    {
      "key": "剧王短剧",
      "name": "👑剧王｜短剧",
      "type": 3,
      "api": "./py/剧王短剧.py",
      "searchable": 1,
      "changeable": 1,
      "quickSearch": 1,
      "filterable": 1
    },
    {
      "key": "番茄短剧",
      "name": "🍅番茄｜短剧",
      "type": 3,
      "api": "csp_XBPQ",
      "ext": "./XBPQ/番茄短剧.json"
    },
    {
      "key": "厂长影视",
      "name": "🎥厂长｜影视",
      "type": 3,
      "api": "csp_Czsapp",
      "searchable": 1,
      "quickSearch": 1,
      "filterable": 1,
      "ext": "https://www.czzymovie.com"
    },
    {
      "key": "金牌影视",
      "name": "🥇金牌｜影视",
      "type": 3,
      "api": "csp_Jpys",
      "ext": "https://hnytxj.com,https://y2s52n7.com,https://m.hkybqufgh.com,https://m.sizhengxt.com,https://m.9zhoukj.com,https://m.sizhengxt.com,https://m.jiabaide.cn"
    },
    {
      "key": "云播影视",
      "name": "☁️云播｜影视",
      "type": 3,
      "api": "csp_Tvyb",
      "ext": "http://www.viptv05.com"
    },
    {
      "key": "苹果影视",
      "name": "🍎苹果｜影视",
      "type": 3,
      "api": "csp_LiteApple",
      "searchable": 1,
      "quickSearch": 1,
      "filterable": 1
    },
    {
      "key": "全网影视",
      "name": "🌐全看｜影视",
      "type": 3,
      "api": "csp_Quanwk",
      "ext": "https://888.qkw1.cc"
    },
    {
      "key": "饺子影视",
      "name": "🥟饺子｜影视",
      "type": 3,
      "api": "csp_Jiaozi"
    },
    {
      "key": "瓜子影视",
      "name": "🎲瓜子｜影视",
      "type": 3,
      "api": "csp_Gz360",
      "searchable": 1,
      "quickSearch": 1,
      "filterable": 1
    },
    {
      "key": "骚火影视",
      "name": "🔥骚火｜影视",
      "type": 3,
      "api": "csp_SaoHuo",
      "playerType": 2,
      "ext": "https://shdy5.us"
    },
    {
      "key": "农民影视",
      "name": "🌾农民｜影视",
      "type": 3,
      "api": "csp_Wwys",
      "ext": "https://vip.wwgz.cn:5200"
    },
    {
      "key": "爱看机器人",
      "name": "🤖爱看｜影视",
      "type": 3,
      "api": "csp_Ikanbot",
      "searchable": 1,
      "quickSearch": 1,
      "filterable": 1
    },
    {
      "key": "韩剧看看",
      "name": "🇰🇷韩剧｜影视",
      "type": 3,
      "api": "csp_XBPQ",
      "ext": "./XBPQ/韩剧看看.json"
    },
    {
      "key": "莫小影视",
      "name": "🎬莫小｜影视",
      "type": 3,
      "api": "csp_XBPQ",
      "ext": "./XBPQ/莫小影视.json"
    },
    {
      "key": "明星影视",
      "name": "🌟明星｜影视",
      "type": 3,
      "api": "csp_XBPQ",
      "ext": "./XBPQ/明星影视.json"
    },
    {
      "key": "面包影视",
      "name": "🍞面包｜影视",
      "type": 3,
      "api": "csp_XBPQ",
      "ext": "./XBPQ/面包影视.json"
    },
    {
      "key": "永乐影视",
      "name": "🎎永乐｜影视",
      "type": 3,
      "api": "csp_XBPQ",
      "ext": "./XBPQ/永乐影视.json"
    },
    {
      "key": "采集之王",
      "name": "📡采集｜合集",
      "type": 3,
      "api": "./js/drpy2.min.js",
      "ext": "./js/采集之王.js?type=url&params=../json/采集静态.json$1$1"
    },
    {
      "key": "1905",
      "name": "🎥1905｜影视",
      "type": 3,
      "api": "csp_Web1905",
      "searchable": 1,
      "quickSearch": 0,
      "filterable": 0
    },
    {
      "key": "小生公告提醒",
      "name": "📢小生｜公告",
      "type": 3,
      "api": "csp_BxsNotice",
      "searchable": 0
    },
    {
      "key": "小生云盘分享",
      "name": "😎小生｜分享",
      "type": 3,
      "api": "csp_BxsMarket"
    },
    {
      "key": "小生提取系统",
      "name": "🤖小生｜提取",
      "type": 3,
      "api": "csp_BxsExtraction"
    },
    {
      "key": "push_agent",
      "name": "📱手机｜推送",
      "type": 3,
      "api": "csp_Push",
      "searchable": 0,
      "filterable": 0,
      "changeable": 0
    }
  ],
  "parses": [
    {
      "name": "聚合",
      "type": 3,
      "url": "Web"
    },
    {
      "name": "😋小生┃解析1",
      "type": 0,
      "url": "https://jx.xmflv.com/?url=",
      "ext": {
        "header": {
          "user-agent": "Mozilla/5.0(WindowsNT10.0;Win64;x64)AppleWebKit/537.36(KHTML,likeGecko)Chrome/110.0.0.0Safari/537.36Edg/110.0.1587.57"
        }
      }
    },
    {
      "name": "😏小生┃解析2",
      "type": 0,
      "url": "https://jx.xymp4.cc/?url=",
      "ext": {
        "header": {
          "user-agent": "Mozilla/5.0(X11;Linuxx86_64)AppleWebKit/537.36(KHTML,likeGecko)Chrome/134.0.0.0Safari/537.36Edg/134.0.3124.68"
        }
      }
    },
    {
      "name": "😃小生┃解析3",
      "type": 0,
      "url": "https://jx.yparse.com/index.php?url=",
      "ext": {
        "header": {
          "user-agent": "Mozilla/5.0(Linux;Android13;V2049ABuild/TP1A.220624.014;wv)AppleWebKit/537.36(KHTML,likeGecko)Version/4.0Chrome/116.0.0.0MobileSafari/537.36"
        }
      }
    },
    {
      "name": "😊小生┃解析4",
      "type": 0,
      "url": "https://bd.jx.cn/?url=",
      "ext": {
        "header": {
          "user-agent": "Mozilla/5.0(Linux;Android13;V2049ABuild/TP1A.220624.014;wv)AppleWebKit/537.36(KHTML,likeGecko)Version/4.0Chrome/116.0.0.0MobileSafari/537.36"
        }
      }
    },
    {
      "name": "😆小生┃解析5",
      "type": 0,
      "url": "https://jx.77flv.cc/?url=",
      "ext": {
        "header": {
          "user-agent": "Mozilla/5.0(Linux;Android13;V2049ABuild/TP1A.220624.014;wv)AppleWebKit/537.36(KHTML,likeGecko)Version/4.0Chrome/116.0.0.0MobileSafari/537.36"
        }
      }
    },
    {
      "name": "🤩小生┃解析6",
      "type": 0,
      "url": "https://www.playm3u8.cn/jiexi.php?url=",
      "ext": {
        "header": {
          "user-agent": "Mozilla/5.0(Linux;Android13;V2049ABuild/TP1A.220624.014;wv)AppleWebKit/537.36(KHTML,likeGecko)Version/4.0Chrome/116.0.0.0MobileSafari/537.36"
        }
      }
    },
    {
      "name": "😜小生┃解析7",
      "type": 0,
      "url": "https://yemu.xyz/?url=",
      "ext": {
        "header": {
          "user-agent": "Mozilla/5.0(Linux;Android13;V2049ABuild/TP1A.220624.014;wv)AppleWebKit/537.36(KHTML,likeGecko)Version/4.0Chrome/116.0.0.0MobileSafari/537.36"
        }
      }
    }
  ],
  "rules": [
    {
      "name": "农民",
      "hosts": [
        "toutiaovod.com"
      ],
      "regex": [
        "video/tos/cn"
      ]
    },
    {
      "name": "火山",
      "hosts": [
        "huoshan.com"
      ],
      "regex": [
        "item_id="
      ]
    },
    {
      "name": "抖音",
      "hosts": [
        "douyin.com"
      ],
      "regex": [
        "is_play_url="
      ]
    },
    {
      "name": "磁力广告",
      "hosts": [
        "magnet"
      ],
      "regex": [
        "更多",
        "请访问",
        "example",
        "社區",
        "xuu",
        "直播",
        "更新",
        "社区",
        "有趣",
        "有趣",
        "英皇体育",
        "全中文AV在线",
        "澳门皇冠赌场",
        "哥哥快来",
        "美女荷官",
        "裸聊",
        "新片首发",
        "UUE29"
      ]
    },
    {
      "name": "饭团点击",
      "hosts": [
        "dadagui",
        "freeok",
        "dadagui"
      ],
      "script": [
        "document.querySelector(\"#playleftiframe\").contentWindow.document.querySelector(\"#start\").click();"
      ]
    },
    {
      "name": "毛驴点击",
      "hosts": [
        "www.maolvys.com"
      ],
      "script": [
        "document.getElementsByClassName('swal-buttonswal-button--confirm')[0].click()"
      ]
    }
  ],
  "doh": [
    {
      "name": "Google",
      "url": "https://dns.google/dns-query",
      "ips": [
        "8.8.4.4",
        "8.8.8.8"
      ]
    },
    {
      "name": "Cloudflare",
      "url": "https://cloudflare-dns.com/dns-query",
      "ips": [
        "1.1.1.1",
        "1.0.0.1",
        "2606:4700:4700::1111",
        "2606:4700:4700::1001"
      ]
    },
    {
      "name": "AdGuard",
      "url": "https://dns.adguard.com/dns-query",
      "ips": [
        "94.140.14.140",
        "94.140.14.141"
      ]
    },
    {
      "name": "DNSWatch",
      "url": "https://resolver2.dns.watch/dns-query",
      "ips": [
        "84.200.69.80",
        "84.200.70.40"
      ]
    },
    {
      "name": "Quad9",
      "url": "https://dns.quad9.net/dns-quer",
      "ips": [
        "9.9.9.9",
        "149.112.112.112"
      ]
    }
  ],
  "flags": [
    "youku",
    "优酷",
    "优酷",
    "优酷视频",
    "qq",
    "腾讯",
    "腾讯",
    "腾讯视频",
    "iqiyi",
    "qiyi",
    "奇艺",
    "爱奇艺",
    "爱奇艺",
    "m1905",
    "xigua",
    "letv",
    "leshi",
    "乐视",
    "乐视",
    "sohu",
    "搜狐",
    "搜狐",
    "搜狐视频",
    "tudou",
    "pptv",
    "mgtv",
    "芒果",
    "imgo",
    "芒果TV",
    "芒果TV",
    "bilibili",
    "哔哩",
    "哔哩哔哩"
  ],
  "ijk": [
    {
      "group": "软解码",
      "options": [
        {
          "category": 4,
          "name": "opensles",
          "value": "0"
        },
        {
          "category": 4,
          "name": "overlay-format",
          "value": "842225234"
        },
        {
          "category": 4,
          "name": "framedrop",
          "value": "1"
        },
        {
          "category": 4,
          "name": "soundtouch",
          "value": "1"
        },
        {
          "category": 4,
          "name": "start-on-prepared",
          "value": "1"
        },
        {
          "category": 1,
          "name": "http-detect-range-support",
          "value": "0"
        },
        {
          "category": 1,
          "name": "fflags",
          "value": "fastseek"
        },
        {
          "category": 2,
          "name": "skip_loop_filter",
          "value": "48"
        },
        {
          "category": 4,
          "name": "reconnect",
          "value": "1"
        },
        {
          "category": 4,
          "name": "enable-accurate-seek",
          "value": "0"
        },
        {
          "category": 4,
          "name": "mediacodec",
          "value": "0"
        },
        {
          "category": 4,
          "name": "mediacodec-auto-rotate",
          "value": "0"
        },
        {
          "category": 4,
          "name": "mediacodec-handle-resolution-change",
          "value": "0"
        },
        {
          "category": 4,
          "name": "mediacodec-hevc",
          "value": "0"
        },
        {
          "category": 1,
          "name": "dns_cache_timeout",
          "value": "600000000"
        }
      ]
    },
    {
      "group": "硬解码",
      "options": [
        {
          "category": 4,
          "name": "opensles",
          "value": "0"
        },
        {
          "category": 4,
          "name": "overlay-format",
          "value": "842225234"
        },
        {
          "category": 4,
          "name": "framedrop",
          "value": "1"
        },
        {
          "category": 4,
          "name": "soundtouch",
          "value": "1"
        },
        {
          "category": 4,
          "name": "start-on-prepared",
          "value": "1"
        },
        {
          "category": 1,
          "name": "http-detect-range-support",
          "value": "0"
        },
        {
          "category": 1,
          "name": "fflags",
          "value": "fastseek"
        },
        {
          "category": 2,
          "name": "skip_loop_filter",
          "value": "48"
        },
        {
          "category": 4,
          "name": "reconnect",
          "value": "1"
        },
        {
          "category": 4,
          "name": "enable-accurate-seek",
          "value": "0"
        },
        {
          "category": 4,
          "name": "mediacodec",
          "value": "1"
        },
        {
          "category": 4,
          "name": "mediacodec-auto-rotate",
          "value": "1"
        },
        {
          "category": 4,
          "name": "mediacodec-handle-resolution-change",
          "value": "1"
        },
        {
          "category": 4,
          "name": "mediacodec-hevc",
          "value": "1"
        },
        {
          "category": 1,
          "name": "dns_cache_timeout",
          "value": "600000000"
        }
      ]
    }
  ],
  "ads": [
    "static-mozai.4gtv.tv"
  ]
}