{
  "spider": "clan://localhost/BXSTVBox/BXS.jar",
  "wallpaper": "clan://localhost/BXSTVBox/BXS.webp",
  "logo": "clan://localhost/BXSTVBox/BXS.gif",
  "warningText": "📢📢📢公众号〡影视百晓生提醒您！该接口来源于潇洒大佬，仅用于学习使用！请在体验后24小时内删除！",
  "sites": [
    {
      "key": "豆瓣",
      "name": "🧲磁力｜首页",
      "type": 3,
      "api": "csp_Douban",
      "searchable": 0
    },
    {
      "key": "配置中心",
      "name": "⚙️配置｜中心",
      "type": 3,
      "api": "csp_Config",
      "searchable": 0,
      "changeable": 0,
      "indexs": 0,
      "style": {
        "type": "rect",
        "ratio": 1.597
      }
    },
    {
      "key": "荐片",
      "name": "📎荐片｜磁力",
      "api": "csp_JianPian",
      "type": 3
    },
    {
      "key": "修罗",
      "name": "⚔️修罗｜磁力",
      "api": "csp_Xlys",
      "type": 3,
      "ext": "https://xl01.com.de"
    },
    {
      "key": "七味",
      "name": "🌶️七味｜磁力",
      "type": 3,
      "api": "csp_QnMp4",
      "searchable": 1,
      "quickSearch": 1,
      "filterable": 1,
      "ext": {
        "url": "https://www.pkmp4.xyz,https://www.qwnull.com,https://www.qwmkv.com,https://www.qwfilm.com,https://www.qnmp4.com,https://www.qnnull.com,https://www.qnhot.com"
      }
    },
    {
      "key": "雪花",
      "name": "❄️雪花｜磁力",
      "type": 3,
      "api": "csp_XBPQ",
      "changeable": 1,
      "searchable": 1,
      "quickSearch": 1,
      "filterable": 1,
      "ext": "./XBPQ/雪花.json"
    },
    {
      "key": "80S",
      "name": "🕹️80S｜磁力",
      "type": 3,
      "api": "csp_BLSGod",
      "playerType": 1,
      "searchable": 1,
      "quickSearch": 1,
      "filterable": 1
    },
    {
      "key": "New6v",
      "name": "🆕New6V｜磁力",
      "type": 3,
      "api": "csp_New6v",
      "searchable": 1,
      "quickSearch": 1,
      "filterable": 1,
      "ext": "https://www.xb6v.com"
    },
    {
      "key": "美剧迷",
      "name": "🇺🇸美剧迷｜磁力",
      "type": 3,
      "api": "csp_MeijuMi",
      "searchable": 1,
      "quickSearch": 1,
      "filterable": 1
    },
    {
      "key": "迅雷吧",
      "name": "💣迅雷吧｜磁力",
      "type": 3,
      "api": "csp_Xunlei8",
      "searchable": 1,
      "quickSearch": 1,
      "filterable": 1
    },
    {
      "key": "电影港",
      "name": "🎬电影港｜磁力",
      "type": 3,
      "api": "csp_XYQHiker",
      "searchable": 1,
      "quickSearch": 1,
      "filterable": 1,
      "ext": "./XYQHiker/电影港.json"
    },
    {
      "key": "狐狸君",
      "name": "🦊狐狸君｜磁力",
      "type": 3,
      "api": "csp_XBPQ",
      "changeable": 1,
      "searchable": 1,
      "quickSearch": 1,
      "filterable": 1,
      "ext": "./XBPQ/狐狸君.json"
    },
    {
      "key": "Mp4电影",
      "name": "📼Mp4电影｜磁力",
      "type": 3,
      "api": "csp_Mp4Mov",
      "searchable": 1,
      "quickSearch": 1,
      "filterable": 1
    },
    {
      "key": "美剧天堂",
      "name": "🇺🇸美剧天堂｜磁力",
      "type": 3,
      "api": "csp_MeijuTT",
      "searchable": 1,
      "quickSearch": 1,
      "filterable": 1
    },
    {
      "key": "电影天堂",
      "name": "🎥电影天堂｜磁力",
      "type": 3,
      "api": "csp_DyGod",
      "searchable": 1,
      "quickSearch": 1,
      "filterable": 1
    },
    {
      "key": "小生公告提醒",
      "name": "📢小生｜公告",
      "type": 3,
      "api": "csp_BxsNotice",
      "searchable": 0
    },
    {
      "key": "小生云盘分享",
      "name": "😎小生｜分享",
      "type": 3,
      "api": "csp_BxsMarket"
    },
    {
      "key": "小生提取系统",
      "name": "🤖小生｜提取",
      "type": 3,
      "api": "csp_BxsExtraction"
    },
    {
      "key": "push_agent",
      "name": "📱手机｜推送",
      "type": 3,
      "api": "csp_Push",
      "searchable": 0,
      "filterable": 0,
      "changeable": 0
    }
  ],
  "rules": [
    {
      "name": "磁力广告",
      "hosts": [
        "magnet"
      ],
      "regex": [
        "更多",
        "请访问",
        "example",
        "社區",
        "xuu",
        "直播",
        "更新",
        "社区",
        "有趣",
        "有趣",
        "英皇体育",
        "全中文AV在线",
        "澳门皇冠赌场",
        "哥哥快来",
        "美女荷官",
        "裸聊",
        "新片首发",
        "UUE29"
      ]
    }
  ],
  "doh": [
    {
      "name": "Google",
      "url": "https://dns.google/dns-query",
      "ips": [
        "8.8.4.4",
        "8.8.8.8"
      ]
    },
    {
      "name": "Cloudflare",
      "url": "https://cloudflare-dns.com/dns-query",
      "ips": [
        "1.1.1.1",
        "1.0.0.1",
        "2606:4700:4700::1111",
        "2606:4700:4700::1001"
      ]
    },
    {
      "name": "AdGuard",
      "url": "https://dns.adguard.com/dns-query",
      "ips": [
        "94.140.14.140",
        "94.140.14.141"
      ]
    },
    {
      "name": "DNSWatch",
      "url": "https://resolver2.dns.watch/dns-query",
      "ips": [
        "84.200.69.80",
        "84.200.70.40"
      ]
    },
    {
      "name": "Quad9",
      "url": "https://dns.quad9.net/dns-quer",
      "ips": [
        "9.9.9.9",
        "149.112.112.112"
      ]
    }
  ],
  "ijk": [
    {
      "group": "软解码",
      "options": [
        {
          "category": 4,
          "name": "opensles",
          "value": "0"
        },
        {
          "category": 4,
          "name": "overlay-format",
          "value": "842225234"
        },
        {
          "category": 4,
          "name": "framedrop",
          "value": "1"
        },
        {
          "category": 4,
          "name": "soundtouch",
          "value": "1"
        },
        {
          "category": 4,
          "name": "start-on-prepared",
          "value": "1"
        },
        {
          "category": 1,
          "name": "http-detect-range-support",
          "value": "0"
        },
        {
          "category": 1,
          "name": "fflags",
          "value": "fastseek"
        },
        {
          "category": 2,
          "name": "skip_loop_filter",
          "value": "48"
        },
        {
          "category": 4,
          "name": "reconnect",
          "value": "1"
        },
        {
          "category": 4,
          "name": "enable-accurate-seek",
          "value": "0"
        },
        {
          "category": 4,
          "name": "mediacodec",
          "value": "0"
        },
        {
          "category": 4,
          "name": "mediacodec-auto-rotate",
          "value": "0"
        },
        {
          "category": 4,
          "name": "mediacodec-handle-resolution-change",
          "value": "0"
        },
        {
          "category": 4,
          "name": "mediacodec-hevc",
          "value": "0"
        },
        {
          "category": 1,
          "name": "dns_cache_timeout",
          "value": "600000000"
        }
      ]
    },
    {
      "group": "硬解码",
      "options": [
        {
          "category": 4,
          "name": "opensles",
          "value": "0"
        },
        {
          "category": 4,
          "name": "overlay-format",
          "value": "842225234"
        },
        {
          "category": 4,
          "name": "framedrop",
          "value": "1"
        },
        {
          "category": 4,
          "name": "soundtouch",
          "value": "1"
        },
        {
          "category": 4,
          "name": "start-on-prepared",
          "value": "1"
        },
        {
          "category": 1,
          "name": "http-detect-range-support",
          "value": "0"
        },
        {
          "category": 1,
          "name": "fflags",
          "value": "fastseek"
        },
        {
          "category": 2,
          "name": "skip_loop_filter",
          "value": "48"
        },
        {
          "category": 4,
          "name": "reconnect",
          "value": "1"
        },
        {
          "category": 4,
          "name": "enable-accurate-seek",
          "value": "0"
        },
        {
          "category": 4,
          "name": "mediacodec",
          "value": "1"
        },
        {
          "category": 4,
          "name": "mediacodec-auto-rotate",
          "value": "1"
        },
        {
          "category": 4,
          "name": "mediacodec-handle-resolution-change",
          "value": "1"
        },
        {
          "category": 4,
          "name": "mediacodec-hevc",
          "value": "1"
        },
        {
          "category": 1,
          "name": "dns_cache_timeout",
          "value": "600000000"
        }
      ]
    }
  ]
}