{
  "spider": "file://BXSTVBox/BXS.jar",
  "wallpaper": "file://BXSTVBox/BXS.webp",
  "logo": "file://BXSTVBox/BXS.gif",
  "warningText": "📢📢📢公众号〡影视百晓生提醒您！该接口来源于潇洒大佬，仅用于学习使用！请在体验后24小时内删除！",
  "sites": [
    {
      "key": "豆瓣",
      "name": "☁️云盘｜首页",
      "type": 3,
      "api": "csp_Douban",
      "searchable": 0
    },
    {
      "key": "配置中心",
      "name": "⚙️配置｜中心",
      "type": 3,
      "api": "csp_Config",
      "searchable": 0,
      "changeable": 0,
      "indexs": 0,
      "style": {
        "type": "rect",
        "ratio": 1.597
      }
    },
    {
      "key": "AList",
      "name": "🗂️AList｜合集",
      "type": 3,
      "api": "csp_Alist",
      "searchable": 1,
      "filterable": 1,
      "changeable": 0,
      "style": {
        "type": "list"
      },
      "ext": "./json/alist.json"
    },
    {
      "key": "阿里云盘",
      "name": "👤我的｜阿里",
      "type": 3,
      "api": "csp_PanAli",
      "searchable": 0,
      "filterable": 0,
      "changeable": 0,
      "style": {
        "type": "list",
        "ratio": 1.433
      },
      "ext": "./json/aliShare.json"
    },
    {
      "key": "夸克云盘",
      "name": "👤我的｜夸克",
      "type": 3,
      "api": "csp_PanQuark",
      "searchable": 0,
      "filterable": 0,
      "changeable": 0,
      "style": {
        "type": "list",
        "ratio": 1.433
      },
      "ext": "./json/quarkShare.json"
    },
    {
      "key": "UC云盘",
      "name": "👤我的｜UC",
      "type": 3,
      "api": "csp_PanUc",
      "searchable": 0,
      "filterable": 0,
      "changeable": 0,
      "style": {
        "type": "list",
        "ratio": 1.433
      },
      "ext": "./json/ucShare.json"
    },
    {
      "key": "百度云盘",
      "name": "👤我的｜百度",
      "type": 3,
      "api": "csp_PanBaiDu",
      "searchable": 0,
      "filterable": 0,
      "changeable": 0,
      "style": {
        "type": "list",
        "ratio": 1.433
      }
    },
    {
      "key": "玩偶",
      "name": "🎪玩偶｜4K弹幕",
      "type": 3,
      "api": "csp_Wogg",
      "searchable": 1,
      "quickSearch": 1,
      "filterable": 1,
      "changeable": 1,
      "ext": {
        "site": [
          "https://www.wogg.one",
          "https://wogg.333232.xyz",
          "https://woggpan.888484.xyz"
        ]
      }
    },
    {
      "key": "快映",
      "name": "🐆快映｜4K弹幕",
      "type": 3,
      "api": "csp_PanWebShare",
      "searchable": 1,
      "quickSearch": 1,
      "filterable": 1,
      "changeable": 1,
      "ext": {
        "site": [
          "http://xsayang.fun:12512"
        ]
      }
    },
    {
      "key": "木偶",
      "name": "🪵木偶｜4K弹幕",
      "type": 3,
      "api": "csp_PanWebShare",
      "searchable": 1,
      "quickSearch": 1,
      "filterable": 1,
      "changeable": 1,
      "ext": {
        "site": [
          "https://123.666291.xyz",
          "https://666.666291.xyz",
          "https://www.muou.site",
          "https://www.muou.asia"
        ]
      }
    },
    {
      "key": "蜡笔",
      "name": "🖍️蜡笔｜4K弹幕",
      "type": 3,
      "api": "csp_PanWebShare",
      "searchable": 1,
      "quickSearch": 1,
      "filterable": 1,
      "changeable": 1,
      "ext": {
        "site": [
          "https://www.labi88.sbs",
          "https://feimao666.fun",
          "http://feimao888.fun"
        ]
      }
    },
    {
      "key": "至臻",
      "name": "💎至臻｜4K弹幕",
      "type": 3,
      "api": "csp_PanWebShare",
      "searchable": 1,
      "quickSearch": 1,
      "filterable": 1,
      "changeable": 1,
      "ext": {
        "site": [
          "https://mihdr.top",
          "https://www.miqk.cc",
          "https://xiaomiai.site",
          "https://xiaomi666.fun",
          "https://www.mihdr.top",
          "https://www.zhizhenpan.fun"
        ]
      }
    },
    {
      "key": "多多",
      "name": "✨多多｜4K弹幕",
      "type": 3,
      "api": "csp_PanWebShare",
      "searchable": 1,
      "quickSearch": 1,
      "filterable": 1,
      "changeable": 1,
      "ext": {
        "site": [
          "https://tv.yydsys.top",
          "https://tv.yydsys.cc",
          "https://tv.214521.xyz"
        ]
      }
    },
    {
      "key": "欧哥",
      "name": "🇪🇺欧哥｜4K弹幕",
      "type": 3,
      "api": "csp_PanWebShare",
      "searchable": 1,
      "quickSearch": 1,
      "filterable": 1,
      "changeable": 1,
      "ext": {
        "site": [
          "https://woog.nxog.eu.org",
          "https://woog.nxog.fun",
          "https://woog.nxog.eu.org",
          "https://woog.430520.xyz"
        ]
      }
    },
    {
      "key": "二小",
      "name": "🤡二小｜4K弹幕",
      "type": 3,
      "api": "csp_PanWebShare",
      "searchable": 1,
      "quickSearch": 1,
      "filterable": 1,
      "changeable": 1,
      "ext": {
        "site": [
          "https://xhww.net",
          "https://erxiaofn.site",
          "https://erxiaofn.click",
          "https://www.xhww.net"
        ]
      }
    },
    {
      "key": "虎斑",
      "name": "🐯虎斑｜4K弹幕",
      "type": 3,
      "api": "csp_PanWebShare",
      "searchable": 1,
      "quickSearch": 1,
      "filterable": 1,
      "changeable": 1,
      "ext": {
        "site": [
          "http://103.45.162.207:20720"
        ]
      }
    },
    {
      "key": "夸克",
      "name": "🔬夸克｜4K",
      "type": 3,
      "api": "csp_PanWebShareCloudKK",
      "searchable": 1,
      "quickSearch": 1,
      "filterable": 1,
      "changeable": 1,
      "ext": {
        "site": [
          "https://www.quarktv.cc"
        ]
      }
    },
    {
      "key": "清影",
      "name": "🎞️清影｜4K",
      "type": 3,
      "api": "csp_PanWebShareCloudQY",
      "searchable": 1,
      "quickSearch": 1,
      "filterable": 1,
      "changeable": 1,
      "ext": {
        "site": [
          "http://www.revohd.com"
        ]
      }
    },
    {
      "key": "雷鲸",
      "name": "🐋雷鲸｜4K弹幕",
      "type": 3,
      "api": "csp_PanWebShareCloudLJ",
      "searchable": 1,
      "quickSearch": 1,
      "filterable": 1,
      "changeable": 1,
      "style": {
        "type": "list",
        "ratio": 1.433
      },
      "ext": {
        "site": [
          "https://www.leijing.xyz",
          "https://www.leijing1.com",
          "https://leijing.xyz",
          "https://leijing1.com"
        ]
      }
    },
    {
      "key": "海绵",
      "name": "🧽海绵｜4K弹幕",
      "type": 3,
      "api": "csp_PanWebShareCloudHM",
      "searchable": 1,
      "quickSearch": 1,
      "filterable": 1,
      "changeable": 1,
      "style": {
        "type": "list",
        "ratio": 1.433
      },
      "ext": {
        "site": [
          "http://haimian.eu.org",
          "https://www.hmxz.org",
          "https://www.haimianxz.com"
        ]
      }
    },
    {
      "key": "夸父",
      "name": "🌞夸父｜4K弹幕",
      "type": 3,
      "api": "csp_PanWebShareCloudKF",
      "searchable": 1,
      "quickSearch": 1,
      "filterable": 1,
      "changeable": 1,
      "style": {
        "type": "list",
        "ratio": 1.433
      },
      "ext": {
        "site": [
          "https://www.kfzy.cc"
        ],
        "cookie": "bbs_sid=qtrfbfct9gs8e7qat96o3nf09t;isClose=yes;__mxau__c2-lS6GI0pR=de438e75-e385-47c4-acb1-6564b407c7b1;__mxaf__c2-lS6GI0pR=1761439615;bbs_token=9NqiBWxAvM2MN_2FST20QOg5g9gcyzm2Hqfd9YwaQjK6Y_3D;__mxas__c2-lS6GI0pR=%7B%22sid%22%3A%22e4f30c47-1290-431b-b228-b9116c4744bd%22%2C%22vd%22%3A5%2C%22stt%22%3A168%2C%22dr%22%3A3%2C%22expires%22%3A1761476207%2C%22ct%22%3A1761474407%7D;__mxav__c2-lS6GI0pR=13"
      }
    },
    {
      "key": "盘它",
      "name": "💾盘它｜4K",
      "type": 3,
      "api": "csp_PanWebShareCloudPT",
      "searchable": 1,
      "quickSearch": 1,
      "filterable": 1,
      "changeable": 1,
      "style": {
        "type": "list"
      }
    },
    {
      "key": "123",
      "name": "🔢123｜4K弹幕",
      "type": 3,
      "api": "csp_PanWebShareCloud123",
      "searchable": 1,
      "quickSearch": 1,
      "filterable": 1,
      "changeable": 1,
      "style": {
        "type": "list",
        "ratio": 1.433
      },
      "ext": {
        "site": [
          "https://123panfx.com",
          "https://pan1.me"
        ]
      }
    },
    {
      "key": "人人",
      "name": "👥人人｜4K弹幕",
      "type": 3,
      "api": "csp_RenRen"
    },
    {
      "key": "即刻",
      "name": "🚀即刻｜4K",
      "type": 3,
      "api": "csp_Jike",
      "style": {
        "type": "list"
      }
    },
    {
      "key": "双星",
      "name": "🌟双星｜4K弹幕",
      "type": 3,
      "api": "csp_ShuangXing",
      "style": {
        "type": "list"
      }
    },
    {
      "key": "阿里盘搜",
      "name": "🅰️阿里｜盘搜",
      "type": 3,
      "api": "csp_PanSou",
      "searchable": 1,
      "quickSearch": 1,
      "filterable": 1,
      "ext": {
        "cloudDrives": "aliyun"
      }
    },
    {
      "key": "夸克盘搜",
      "name": "🔬夸克｜盘搜",
      "type": 3,
      "api": "csp_PanSou",
      "searchable": 1,
      "quickSearch": 1,
      "filterable": 1,
      "ext": {
        "cloudDrives": "quark"
      }
    },
    {
      "key": "UC盘搜",
      "name": "📱UC｜盘搜",
      "type": 3,
      "api": "csp_PanSou",
      "searchable": 1,
      "quickSearch": 1,
      "filterable": 1,
      "ext": {
        "cloudDrives": "uc"
      }
    },
    {
      "key": "天翼盘搜",
      "name": "☁️天翼｜盘搜",
      "type": 3,
      "api": "csp_PanSou",
      "searchable": 1,
      "quickSearch": 1,
      "filterable": 1,
      "ext": {
        "cloudDrives": "tianyi"
      }
    },
    {
      "key": "123盘搜",
      "name": "1️⃣123｜盘搜",
      "type": 3,
      "api": "csp_PanSou",
      "searchable": 1,
      "quickSearch": 1,
      "filterable": 1,
      "ext": {
        "cloudDrives": "123"
      }
    },
    {
      "key": "百度盘搜",
      "name": "🔍百度｜盘搜",
      "type": 3,
      "api": "csp_PanSou",
      "searchable": 1,
      "quickSearch": 1,
      "filterable": 1,
      "ext": {
        "cloudDrives": "baidu"
      }
    },
    {
      "key": "移动盘搜",
      "name": "📶移动｜盘搜",
      "type": 3,
      "api": "csp_PanSou139",
      "searchable": 1,
      "quickSearch": 1,
      "filterable": 1,
      "ext": {
        "cloudDrives": "mobile"
      }
    },
    {
      "key": "糖果",
      "name": "🍬糖果｜搜索",
      "type": 3,
      "api": "csp_TGSou",
      "searchable": 1,
      "quickSearch": 1,
      "filterable": 1
    },
    {
      "key": "百酷",
      "name": "💯百酷｜搜索",
      "type": 3,
      "api": "csp_Baiku"
    },
    {
      "key": "米搜",
      "name": "🍚米搜｜搜索",
      "type": 3,
      "api": "csp_MiSou"
    },
    {
      "key": "酷乐",
      "name": "🎵酷乐｜搜索",
      "type": 3,
      "api": "csp_KuLe"
    },
    {
      "key": "鬼鬼",
      "name": "👻鬼鬼｜搜索",
      "type": 3,
      "api": "csp_GuiGui"
    },
    {
      "key": "混合",
      "name": "🔄混合｜搜索",
      "type": 3,
      "api": "csp_HunHePan"
    },
    {
      "key": "兄弟",
      "name": "👬兄弟｜搜索",
      "type": 3,
      "api": "csp_XiongDiPan"
    },
    {
      "key": "天翼",
      "name": "☁️天翼｜搜索",
      "type": 3,
      "api": "csp_TianYiSo"
    },
    {
      "key": "趣盘",
      "name": "🔍趣盘｜搜索",
      "type": 3,
      "api": "csp_QuPanSo"
    },
    {
      "key": "小生公告提醒",
      "name": "📢小生｜公告",
      "type": 3,
      "api": "csp_BxsNotice",
      "searchable": 0
    },
    {
      "key": "小生云盘分享",
      "name": "😎小生｜分享",
      "type": 3,
      "api": "csp_BxsMarket"
    },
    {
      "key": "小生提取系统",
      "name": "🤖小生｜提取",
      "type": 3,
      "api": "csp_BxsExtraction"
    },
    {
      "key": "push_agent",
      "name": "📱手机｜推送",
      "type": 3,
      "api": "csp_Push",
      "searchable": 0,
      "filterable": 0,
      "changeable": 0
    }
  ],
  "doh": [
    {
      "name": "Google",
      "url": "https://dns.google/dns-query",
      "ips": [
        "8.8.4.4",
        "8.8.8.8"
      ]
    },
    {
      "name": "Cloudflare",
      "url": "https://cloudflare-dns.com/dns-query",
      "ips": [
        "1.1.1.1",
        "1.0.0.1",
        "2606:4700:4700::1111",
        "2606:4700:4700::1001"
      ]
    },
    {
      "name": "AdGuard",
      "url": "https://dns.adguard.com/dns-query",
      "ips": [
        "94.140.14.140",
        "94.140.14.141"
      ]
    },
    {
      "name": "DNSWatch",
      "url": "https://resolver2.dns.watch/dns-query",
      "ips": [
        "84.200.69.80",
        "84.200.70.40"
      ]
    },
    {
      "name": "Quad9",
      "url": "https://dns.quad9.net/dns-quer",
      "ips": [
        "9.9.9.9",
        "149.112.112.112"
      ]
    }
  ],
  "ijk": [
    {
      "group": "软解码",
      "options": [
        {
          "category": 4,
          "name": "opensles",
          "value": "0"
        },
        {
          "category": 4,
          "name": "overlay-format",
          "value": "842225234"
        },
        {
          "category": 4,
          "name": "framedrop",
          "value": "1"
        },
        {
          "category": 4,
          "name": "soundtouch",
          "value": "1"
        },
        {
          "category": 4,
          "name": "start-on-prepared",
          "value": "1"
        },
        {
          "category": 1,
          "name": "http-detect-range-support",
          "value": "0"
        },
        {
          "category": 1,
          "name": "fflags",
          "value": "fastseek"
        },
        {
          "category": 2,
          "name": "skip_loop_filter",
          "value": "48"
        },
        {
          "category": 4,
          "name": "reconnect",
          "value": "1"
        },
        {
          "category": 4,
          "name": "enable-accurate-seek",
          "value": "0"
        },
        {
          "category": 4,
          "name": "mediacodec",
          "value": "0"
        },
        {
          "category": 4,
          "name": "mediacodec-auto-rotate",
          "value": "0"
        },
        {
          "category": 4,
          "name": "mediacodec-handle-resolution-change",
          "value": "0"
        },
        {
          "category": 4,
          "name": "mediacodec-hevc",
          "value": "0"
        },
        {
          "category": 1,
          "name": "dns_cache_timeout",
          "value": "600000000"
        }
      ]
    },
    {
      "group": "硬解码",
      "options": [
        {
          "category": 4,
          "name": "opensles",
          "value": "0"
        },
        {
          "category": 4,
          "name": "overlay-format",
          "value": "842225234"
        },
        {
          "category": 4,
          "name": "framedrop",
          "value": "1"
        },
        {
          "category": 4,
          "name": "soundtouch",
          "value": "1"
        },
        {
          "category": 4,
          "name": "start-on-prepared",
          "value": "1"
        },
        {
          "category": 1,
          "name": "http-detect-range-support",
          "value": "0"
        },
        {
          "category": 1,
          "name": "fflags",
          "value": "fastseek"
        },
        {
          "category": 2,
          "name": "skip_loop_filter",
          "value": "48"
        },
        {
          "category": 4,
          "name": "reconnect",
          "value": "1"
        },
        {
          "category": 4,
          "name": "enable-accurate-seek",
          "value": "0"
        },
        {
          "category": 4,
          "name": "mediacodec",
          "value": "1"
        },
        {
          "category": 4,
          "name": "mediacodec-auto-rotate",
          "value": "1"
        },
        {
          "category": 4,
          "name": "mediacodec-handle-resolution-change",
          "value": "1"
        },
        {
          "category": 4,
          "name": "mediacodec-hevc",
          "value": "1"
        },
        {
          "category": 1,
          "name": "dns_cache_timeout",
          "value": "600000000"
        }
      ]
    }
  ]
}