{
  "spider": "file://BXSTVBox/BXS.jar",
  "wallpaper": "file://BXSTVBox/BXS.webp",
  "logo": "file://BXSTVBox/BXS.gif",
  "warningText": "📢📢📢公众号〡影视百晓生提醒您！该接口来源于潇洒大佬，仅用于学习使用！请在体验后24小时内删除！",
  "sites": [
    {
      "key": "播客",
      "name": "🎙️播客｜综合",
      "type": 3,
      "api": "./js/drpy2.min.js",
      "ext": "./js/播客.js",
      "style": {
        "type": "list"
      }
    },
    {
      "key": "配置中心",
      "name": "⚙️配置｜中心",
      "type": 3,
      "api": "csp_Config",
      "searchable": 0,
      "changeable": 0,
      "indexs": 0,
      "style": {
        "type": "rect",
        "ratio": 1.597
      }
    },
    {
      "key": "呦呦DJ",
      "name": "🎧呦呦｜DJ",
      "type": 3,
      "api": "csp_Djuu",
      "style": {
        "type": "list"
      }
    },
    {
      "key": "清风DJ",
      "name": "🍃清风｜DJ",
      "type": 3,
      "api": "./js/drpy2.min.js",
      "ext": "./js/清风DJ.js",
      "style": {
        "type": "list"
      }
    },
    {
      "key": "蜻蜓FM",
      "name": "✈️蜻蜓｜FM",
      "type": 3,
      "api": "./js/drpy2.min.js",
      "ext": "./js/蜻蜓FM.js",
      "style": {
        "type": "list"
      }
    },
    {
      "key": "六月听书",
      "name": "📖六月｜听书",
      "type": 3,
      "api": "csp_TingBook",
      "style": {
        "type": "list"
      }
    },
    {
      "key": "博看听书",
      "name": "👀博看｜听书",
      "type": 3,
      "api": "./js/drpy2.min.js",
      "ext": "./js/博看听书.js",
      "style": {
        "type": "list"
      }
    },
    {
      "key": "爱上你听书网",
      "name": "💘爱上你｜听书",
      "type": 3,
      "api": "./js/drpy2.min.js",
      "ext": "./js/爱上你听书网.js",
      "style": {
        "type": "list"
      }
    },
    {
      "key": "有声绘本网",
      "name": "👶有声绘本｜听书",
      "type": 3,
      "api": "./js/drpy2.min.js",
      "ext": "./js/有声绘本网.js",
      "style": {
        "type": "list"
      }
    },
    {
      "key": "评书随身听",
      "name": "🎤评书｜在线",
      "type": 3,
      "api": "./js/drpy2.min.js",
      "ext": "./js/评书随身听.js",
      "style": {
        "type": "list"
      }
    },
    {
      "key": "哔哩哔哩演唱会",
      "name": "🎵哔哩｜音乐",
      "type": 3,
      "api": "csp_Bili",
      "searchable": 0,
      "quickSearch": 0,
      "filterable": 0,
      "ext": {
        "cookie": "http://127.0.0.1:9978/file/TVBox/bili_cookie.txt",
        "json": "./json/哔哩哔哩演唱会.json"
      },
      "style": {
        "type": "rect",
        "ratio": 1.597
      }
    },
    {
      "key": "哔哩哔哩听书",
      "name": "🎧哔哩｜听书",
      "type": 3,
      "api": "csp_Bili",
      "searchable": 0,
      "quickSearch": 0,
      "filterable": 0,
      "ext": {
        "cookie": "http://127.0.0.1:9978/file/TVBox/bili_cookie.txt",
        "json": "./json/哔哩哔哩听书.json"
      },
      "style": {
        "type": "rect",
        "ratio": 1.597
      }
    },
    {
      "key": "哔哩哔哩相声",
      "name": "🎭哔哩｜相声",
      "type": 3,
      "api": "csp_Bili",
      "searchable": 0,
      "quickSearch": 0,
      "filterable": 0,
      "ext": {
        "cookie": "http://127.0.0.1:9978/file/TVBox/bili_cookie.txt",
        "json": "./json/哔哩哔哩相声.json"
      },
      "style": {
        "type": "rect",
        "ratio": 1.597
      }
    },
    {
      "key": "哔哩哔哩小品",
      "name": "🤣哔哩｜小品",
      "type": 3,
      "api": "csp_Bili",
      "searchable": 0,
      "quickSearch": 0,
      "filterable": 0,
      "ext": {
        "cookie": "http://127.0.0.1:9978/file/TVBox/bili_cookie.txt",
        "json": "./json/哔哩哔哩小品.json"
      },
      "style": {
        "type": "rect",
        "ratio": 1.597
      }
    },
    {
      "key": "哔哩哔哩戏曲",
      "name": "🎭哔哩｜戏曲",
      "type": 3,
      "api": "csp_Bili",
      "searchable": 0,
      "quickSearch": 0,
      "filterable": 0,
      "ext": {
        "cookie": "http://127.0.0.1:9978/file/TVBox/bili_cookie.txt",
        "json": "./json/哔哩哔哩戏曲.json"
      },
      "style": {
        "type": "rect",
        "ratio": 1.597
      }
    },
    {
      "key": "戏曲多多",
      "name": "🎭戏曲｜多多",
      "type": 3,
      "api": "csp_AppLY",
      "searchable": 1,
      "quickSearch": 1,
      "filterable": 1,
      "style": {
        "type": "list"
      }
    },
    {
      "key": "急救教学",
      "name": "🚑急救｜教学",
      "type": 3,
      "api": "csp_FirstAid",
      "searchable": 0,
      "quickSearch": 0,
      "changeable": 0,
      "style": {
        "type": "rect",
        "ratio": 3.8
      },
      "gridview": "0-0-4.1"
    },
    {
      "key": "养生堂",
      "name": "🌿养生｜知识",
      "type": 3,
      "api": "csp_XBPQ",
      "ext": "./json/养生堂.json",
      "style": {
        "type": "rect",
        "ratio": 1.597
      }
    },
    {
      "key": "小生公告提醒",
      "name": "📢小生｜公告",
      "type": 3,
      "api": "csp_BxsNotice",
      "searchable": 0
    },
    {
      "key": "小生云盘分享",
      "name": "😎小生｜分享",
      "type": 3,
      "api": "csp_BxsMarket"
    },
    {
      "key": "小生提取系统",
      "name": "🤖小生｜提取",
      "type": 3,
      "api": "csp_BxsExtraction"
    },
    {
      "key": "push_agent",
      "name": "📱手机｜推送",
      "type": 3,
      "api": "csp_Push",
      "searchable": 0,
      "filterable": 0,
      "changeable": 0
    }
  ],
  "parses": [
    {
      "name": "聚合",
      "type": 3,
      "url": "Web"
    },
    {
      "name": "😋小生┃解析1",
      "type": 0,
      "url": "https://jx.xmflv.com/?url=",
      "ext": {
        "header": {
          "user-agent": "Mozilla/5.0(WindowsNT10.0;Win64;x64)AppleWebKit/537.36(KHTML,likeGecko)Chrome/110.0.0.0Safari/537.36Edg/110.0.1587.57"
        }
      }
    },
    {
      "name": "😏小生┃解析2",
      "type": 0,
      "url": "https://jx.xymp4.cc/?url=",
      "ext": {
        "header": {
          "user-agent": "Mozilla/5.0(X11;Linuxx86_64)AppleWebKit/537.36(KHTML,likeGecko)Chrome/134.0.0.0Safari/537.36Edg/134.0.3124.68"
        }
      }
    },
    {
      "name": "😃小生┃解析3",
      "type": 0,
      "url": "https://jx.yparse.com/index.php?url=",
      "ext": {
        "header": {
          "user-agent": "Mozilla/5.0(Linux;Android13;V2049ABuild/TP1A.220624.014;wv)AppleWebKit/537.36(KHTML,likeGecko)Version/4.0Chrome/116.0.0.0MobileSafari/537.36"
        }
      }
    },
    {
      "name": "😊小生┃解析4",
      "type": 0,
      "url": "https://bd.jx.cn/?url=",
      "ext": {
        "header": {
          "user-agent": "Mozilla/5.0(Linux;Android13;V2049ABuild/TP1A.220624.014;wv)AppleWebKit/537.36(KHTML,likeGecko)Version/4.0Chrome/116.0.0.0MobileSafari/537.36"
        }
      }
    },
    {
      "name": "😆小生┃解析5",
      "type": 0,
      "url": "https://jx.77flv.cc/?url=",
      "ext": {
        "header": {
          "user-agent": "Mozilla/5.0(Linux;Android13;V2049ABuild/TP1A.220624.014;wv)AppleWebKit/537.36(KHTML,likeGecko)Version/4.0Chrome/116.0.0.0MobileSafari/537.36"
        }
      }
    },
    {
      "name": "🤩小生┃解析6",
      "type": 0,
      "url": "https://www.playm3u8.cn/jiexi.php?url=",
      "ext": {
        "header": {
          "user-agent": "Mozilla/5.0(Linux;Android13;V2049ABuild/TP1A.220624.014;wv)AppleWebKit/537.36(KHTML,likeGecko)Version/4.0Chrome/116.0.0.0MobileSafari/537.36"
        }
      }
    },
    {
      "name": "😜小生┃解析7",
      "type": 0,
      "url": "https://yemu.xyz/?url=",
      "ext": {
        "header": {
          "user-agent": "Mozilla/5.0(Linux;Android13;V2049ABuild/TP1A.220624.014;wv)AppleWebKit/537.36(KHTML,likeGecko)Version/4.0Chrome/116.0.0.0MobileSafari/537.36"
        }
      }
    }
  ],
  "doh": [
    {
      "name": "Google",
      "url": "https://dns.google/dns-query",
      "ips": [
        "8.8.4.4",
        "8.8.8.8"
      ]
    },
    {
      "name": "Cloudflare",
      "url": "https://cloudflare-dns.com/dns-query",
      "ips": [
        "1.1.1.1",
        "1.0.0.1",
        "2606:4700:4700::1111",
        "2606:4700:4700::1001"
      ]
    },
    {
      "name": "AdGuard",
      "url": "https://dns.adguard.com/dns-query",
      "ips": [
        "94.140.14.140",
        "94.140.14.141"
      ]
    },
    {
      "name": "DNSWatch",
      "url": "https://resolver2.dns.watch/dns-query",
      "ips": [
        "84.200.69.80",
        "84.200.70.40"
      ]
    },
    {
      "name": "Quad9",
      "url": "https://dns.quad9.net/dns-quer",
      "ips": [
        "9.9.9.9",
        "149.112.112.112"
      ]
    }
  ],
  "rules": [
    {
      "name": "农民",
      "hosts": [
        "toutiaovod.com"
      ],
      "regex": [
        "video/tos/cn"
      ]
    },
    {
      "name": "火山",
      "hosts": [
        "huoshan.com"
      ],
      "regex": [
        "item_id="
      ]
    },
    {
      "name": "抖音",
      "hosts": [
        "douyin.com"
      ],
      "regex": [
        "is_play_url="
      ]
    },
    {
      "name": "磁力广告",
      "hosts": [
        "magnet"
      ],
      "regex": [
        "更多",
        "请访问",
        "example",
        "社區",
        "xuu",
        "直播",
        "更新",
        "社区",
        "有趣",
        "有趣",
        "英皇体育",
        "全中文AV在线",
        "澳门皇冠赌场",
        "哥哥快来",
        "美女荷官",
        "裸聊",
        "新片首发",
        "UUE29"
      ]
    },
    {
      "name": "饭团点击",
      "hosts": [
        "dadagui",
        "freeok",
        "dadagui"
      ],
      "script": [
        "document.querySelector(\"#playleftiframe\").contentWindow.document.querySelector(\"#start\").click();"
      ]
    },
    {
      "name": "毛驴点击",
      "hosts": [
        "www.maolvys.com"
      ],
      "script": [
        "document.getElementsByClassName('swal-buttonswal-button--confirm')[0].click()"
      ]
    }
  ],
  "flags": [
    "youku",
    "优酷",
    "优酷",
    "优酷视频",
    "qq",
    "腾讯",
    "腾讯",
    "腾讯视频",
    "iqiyi",
    "qiyi",
    "奇艺",
    "爱奇艺",
    "爱奇艺",
    "m1905",
    "xigua",
    "letv",
    "leshi",
    "乐视",
    "乐视",
    "sohu",
    "搜狐",
    "搜狐",
    "搜狐视频",
    "tudou",
    "pptv",
    "mgtv",
    "芒果",
    "imgo",
    "芒果TV",
    "芒果TV",
    "bilibili",
    "哔哩",
    "哔哩哔哩"
  ],
  "ijk": [
    {
      "group": "软解码",
      "options": [
        {
          "category": 4,
          "name": "opensles",
          "value": "0"
        },
        {
          "category": 4,
          "name": "overlay-format",
          "value": "842225234"
        },
        {
          "category": 4,
          "name": "framedrop",
          "value": "1"
        },
        {
          "category": 4,
          "name": "soundtouch",
          "value": "1"
        },
        {
          "category": 4,
          "name": "start-on-prepared",
          "value": "1"
        },
        {
          "category": 1,
          "name": "http-detect-range-support",
          "value": "0"
        },
        {
          "category": 1,
          "name": "fflags",
          "value": "fastseek"
        },
        {
          "category": 2,
          "name": "skip_loop_filter",
          "value": "48"
        },
        {
          "category": 4,
          "name": "reconnect",
          "value": "1"
        },
        {
          "category": 4,
          "name": "enable-accurate-seek",
          "value": "0"
        },
        {
          "category": 4,
          "name": "mediacodec",
          "value": "0"
        },
        {
          "category": 4,
          "name": "mediacodec-auto-rotate",
          "value": "0"
        },
        {
          "category": 4,
          "name": "mediacodec-handle-resolution-change",
          "value": "0"
        },
        {
          "category": 4,
          "name": "mediacodec-hevc",
          "value": "0"
        },
        {
          "category": 1,
          "name": "dns_cache_timeout",
          "value": "600000000"
        }
      ]
    },
    {
      "group": "硬解码",
      "options": [
        {
          "category": 4,
          "name": "opensles",
          "value": "0"
        },
        {
          "category": 4,
          "name": "overlay-format",
          "value": "842225234"
        },
        {
          "category": 4,
          "name": "framedrop",
          "value": "1"
        },
        {
          "category": 4,
          "name": "soundtouch",
          "value": "1"
        },
        {
          "category": 4,
          "name": "start-on-prepared",
          "value": "1"
        },
        {
          "category": 1,
          "name": "http-detect-range-support",
          "value": "0"
        },
        {
          "category": 1,
          "name": "fflags",
          "value": "fastseek"
        },
        {
          "category": 2,
          "name": "skip_loop_filter",
          "value": "48"
        },
        {
          "category": 4,
          "name": "reconnect",
          "value": "1"
        },
        {
          "category": 4,
          "name": "enable-accurate-seek",
          "value": "0"
        },
        {
          "category": 4,
          "name": "mediacodec",
          "value": "1"
        },
        {
          "category": 4,
          "name": "mediacodec-auto-rotate",
          "value": "1"
        },
        {
          "category": 4,
          "name": "mediacodec-handle-resolution-change",
          "value": "1"
        },
        {
          "category": 4,
          "name": "mediacodec-hevc",
          "value": "1"
        },
        {
          "category": 1,
          "name": "dns_cache_timeout",
          "value": "600000000"
        }
      ]
    }
  ],
  "ads": [
    "static-mozai.4gtv.tv"
  ]
}